inventory_number,model_year,make,model,purchase_date,purchase_year,purchase_price,sale_date,sale_year,days_on_lot,sale_price,expense,gross,net
653,2008,Chevrolet,Cobalt,5/19/14,2014,3150,1/21/17,2017,978,2500,1846,-650,-2496
1589,2017,GMC,Acadia Lim,9/7/21,2021,7418,12/31/21,2021,115,5000,39,-2418,-2457
926,2011,Kia,Sorrento,3/23/16,2016,9000,6/26/18,2018,825,6995,402,-2005,-2407
920,2014,Subaru,Forester,2/29/16,2016,12250,12/18/17,2017,658,9995,141,-2255,-2396
1107,2011,Honda,CRV,9/2/17,2017,12200,12/11/18,2018,465,10495,668,-1705,-2373
1204,2012,Chevrolet,Equinox,9/17/18,2018,7500,5/29/20,2020,620,5995,650,-1505,-2155
1026,2008,Toyota,4-Runner,2/20/17,2017,10150,3/18/17,2017,26,8000,0,-2150,-2150
1151,2013,Subaru,Outback,4/2/18,2018,8050,10/29/19,2019,575,6495,569,-1555,-2124
803,2009,Subaru,Forester,5/4/15,2015,7650,3/27/18,2018,1058,5800,255,-1850,-2105
778,2011,Subaru,Impreza,3/9/15,2015,12850,10/31/15,2015,236,10995,183,-1855,-2038
1258,2014,Lexus,RX,4/15/19,2019,17650,6/12/20,2020,424,16050,347,-1600,-1947
819,2003,Subaru,Baja,6/19/15,2015,2870,3/25/16,2016,280,950,0,-1920,-1920
1401,2010,Toyota,Highlander,6/8/20,2020,6950,8/7/20,2020,60,5425,364,-1525,-1889
744,2002,Buick,LeSabre,10/28/14,2014,1775,1/1/19,2019,1526,200,261,-1575,-1836
753,2008,Toyota,Sienna,12/3/14,2014,6500,11/10/17,2017,1073,5495,804,-1005,-1809
997,2012,Honda,Fit,8/30/16,2016,9250,4/26/18,2018,604,8300,859,-950,-1809
529,2003,Subaru,Forester,7/1/13,2013,1807,12/29/15,2015,911,100,0,-1707,-1707
1396,2019,Ford,F-150,5/26/20,2020,29578,6/12/20,2020,17,28000,117,-1578,-1695
840,2005,Subaru,Legacy,7/23/15,2015,2000,6/25/18,2018,1068,2995,2650,995,-1655
1083,2015,Lexus,RX350,8/7/17,2017,26650,9/2/17,2017,26,25000,0,-1650,-1650
972,2009,Honda,Accord,8/8/16,2016,5250,3/12/19,2019,946,4995,1283,-255,-1538
1623,2014,Nissan,Versa,11/16/21,2021,8250,12/16/21,2021,30,7000,234,-1250,-1484
774,2005,Subaru,Outback,3/2/15,2015,2650,9/7/17,2017,920,3494.99,2309,844.99,-1464.01
629,2005,Subaru,Forester,3/10/14,2014,4110,12/21/15,2015,651,4995,2321,885,-1436
547,2002,Subaru,Outback,7/18/13,2013,1500,12/29/15,2015,894,100,0,-1400,-1400
1345,2019,Mazda,CX-5,10/11/19,2019,13194,12/17/19,2019,67,12500,694,-694,-1388
1369,2014,Honda,Accord,12/31/19,2019,6173,4/8/20,2020,99,5500,673,-673,-1346
1140,2015,Toyota,Rav-4,3/9/18,2018,16440,7/30/19,2019,508,15995,897,-445,-1342
1022,2009,Chevrolet,Silverado,2/27/17,2017,17550,8/29/18,2018,548,16995,777,-555,-1332
854,2010,Honda,Accord,8/31/15,2015,10200,3/29/16,2016,211,8995,109,-1205,-1314
458,2003,Chevrolet,S-10,11/14/12,2012,5140,1/26/16,2016,1168,4995,1119,-145,-1264
800,2002,Subaru,Forester,5/4/15,2015,1150,4/27/16,2016,359,3995,4074,2845,-1229
775,2004,Subaru,Legacy,3/9/15,2015,1350,10/31/16,2016,602,1995,1856,645,-1211
821,2009,Subaru,Forester,6/19/15,2015,11040,8/11/15,2015,53,12000,2171,960,-1211
1171,2012,Toyota,Sienna,5/18/18,2018,12000,2/11/20,2020,634,12995,2158,995,-1163
674,2005,Pontiac,G6,6/30/14,2014,2750,2/28/17,2017,974,2195,599,-555,-1154
747,2009,Toyota,Prius,11/10/14,2014,6650,9/15/15,2015,309,5995,422,-655,-1077
706,2003,Toyota,Highlander,8/11/14,2014,6550,9/25/14,2014,45,5500,0,-1050,-1050
882,2000,Pontiac,Bonneville,11/16/15,2015,1200,3/25/16,2016,130,380,175,-820,-995
1003,2010,Subaru,Impreza,12/19/16,2016,6350,6/17/19,2019,910,5995,601,-355,-956
766,2005,Subaru,Impreza,2/16/15,2015,3550,8/30/17,2017,926,3995,1385,445,-940
558,2002,Chevrolet,Silverado,9/23/13,2013,5310,3/29/16,2016,918,4750,342,-560,-902
1307,2016,Toyota,Rav 4,8/9/19,2019,16700,10/24/20,2020,442,16495,692,-205,-897
1373,2018,Subaru,Forester,2/3/20,2020,15450,3/19/21,2021,410,14590,20,-860,-880
1180,2008,Honda,CR-V,7/9/18,2018,4650,7/30/19,2019,386,5995,2215,1345,-870
822,2004,Subaru,Impreza,6/19/15,2015,3680,9/10/15,2015,83,4800,1986,1120,-866
1257,2008,Ford,Escape,4/11/19,2019,1000,9/17/20,2020,525,450,292,-550,-842
1464,2019,Dodge,Grand Caravan,11/17/20,2020,9309,11/30/20,2020,13,8900,409,-409,-818
676,2003,Chevrolet,Impala,7/3/14,2014,1200,9/24/14,2014,83,400,0,-800,-800
785,2003,Toyota ,Highlander,4/2/15,2015,5000,5/2/17,2017,761,4800,598,-200,-798
519,2001,Subaru,Legacy,5/28/13,2013,2106,1/22/16,2016,969,2995,1678,889,-789
1405,2008,Toyota,Sienna,6/29/20,2020,2650,10/5/20,2020,98,2650,773,0,-773
516,2009,Chevrolet,HHR,6/3/13,2013,8250,3/4/15,2015,639,7800,273,-450,-723
1420,2019,Ford,Edge,7/28/20,2020,18713,8/17/20,2020,20,18000,0,-713,-713
769,2008,Dodge,Avenger,2/16/15,2015,4150,5/4/16,2016,443,5900,2461,1750,-711
1111,2011,Subaru,Outback,10/30/17,2017,9050,2/16/19,2019,474,8995,647,-55,-702
1421,2005,Chevrolet,Trailblazer,8/11/20,2020,1000,9/25/20,2020,45,300,0,-700,-700
755,1998,Ford,Expedition,11/22/14,2014,999,1/15/15,2015,54,300,0,-699,-699
510,2001,Subaru,Forester,6/3/13,2013,2950,5/8/15,2015,704,3495,1233,545,-688
1297,2007,Toyota,Tundra,7/8/19,2019,6250,9/23/20,2020,443,8600,3025,2350,-675
908,2011,Honda,Civic,1/18/16,2016,5850,11/22/17,2017,674,5995,814,145,-669
790,2008,Ford,F150,4/13/15,2015,9515,6/28/16,2016,442,9800,954,285,-669
961,2013,Subaru,Outback,6/27/16,2016,14050,11/27/17,2017,518,13700,307,-350,-657
1021,2014,Chevrolet,Silverado 1500,2/27/17,2017,22450,8/1/18,2018,520,22995,1198,545,-653
1264,2008,Honda,CR-V,4/22/19,2019,4050,8/14/20,2020,480,3765,357,-285,-642
937,2012,Toyota,Tundra,4/25/16,2016,20450,6/2/16,2016,38,20450,630,0,-630
1211,2014,Chevrolet,Silverado,10/3/18,2018,16000,6/12/20,2020,618,15980,595,-20,-615
695,2004,Chrysler,Sebring,7/16/14,2014,800,12/29/15,2015,531,200,0,-600,-600
1590,2008,Subaru,Outback,9/28/21,2021,1000,12/31/21,2021,94,400,0,-600,-600
1334,2019,Ford,Edge,10/2/19,2019,17563,12/17/19,2019,76,17563,563,0,-563
826,2005,Subaru,Legacy,6/22/15,2015,2850,5/31/16,2016,344,4995,2706,2145,-561
1275,2017,Toyota,Sienna,5/10/19,2019,24570,5/20/19,2019,10,25680,1659,1110,-549
1606,2021,Buick,Enclave,10/12/21,2021,1943,12/31/21,2021,80,1400,0,-543,-543
1244,2006,Toyota,4 Runner,2/11/19,2019,4550,8/14/20,2020,550,6665,2657,2115,-542
768,2008,Hyundai,Sonata,2/16/15,2015,5150,4/9/16,2016,418,5495,873,345,-528
1457,2014,Honda,Civic,8/26/20,2020,3025,11/11/20,2020,77,2500,0,-525,-525
563,1998,Subaru,Impreza,8/23/13,2013,613,12/29/15,2015,858,100,0,-513,-513
600,1999,Subaru,Impreza,10/1/13,2013,657,12/30/18,2018,1916,200,50,-457,-507
912,1998,Subaru,Legacy,1/22/16,2016,500,11/28/16,2016,311,1,0,-499,-499
1350,2006,Chrysler,P.T. Cruiser,11/20/19,2019,500,7/24/21,2021,612,635,634,135,-499
833,2006,Subaru,Impreza,7/6/15,2015,5250,11/4/15,2015,121,6500,1736,1250,-486
659,2007,Nissan,Altima,6/9/14,2014,6350,6/27/15,2015,383,6995,1125,645,-480
1383,2013,Ford,F-150,3/2/20,2020,16450,8/7/20,2020,158,19000,3029,2550,-479
275,2005,Suzuki,Verona,8/23/11,2011,3775,3/31/12,2012,221,3300,0,-475,-475
1317,2019,Ford,Ecosport,9/11/19,2019,10424,12/3/19,2019,83,10424,474,0,-474
1262,2005,Subaru,Outback,4/22/19,2019,2150,6/23/20,2020,428,2495,813,345,-468
1255,2013,Ford,F-150,4/8/19,2019,20050,6/19/20,2020,438,19590,0,-460,-460
754,2000,Subaru,Legacy,12/3/14,2014,650,12/30/18,2018,1488,200,0,-450,-450
592,2001,Subaru,Legacy,7/31/13,2013,650,12/30/18,2018,1978,200,0,-450,-450
1475,2017,Toyota,Tacoma,1/6/21,2021,15950,1/23/21,2021,17,15500,0,-450,-450
1400,2009,Kia,Sportage,6/9/20,2020,1000,3/3/21,2021,267,550,0,-450,-450
1278,2010,Toyota,Rav 4,5/20/19,2019,4050,6/17/20,2020,394,4495,892,445,-447
1472,2018,Ford,Fusion,1/4/21,2021,13650,2/17/21,2021,44,14995,1789,1345,-444
1640,2008,Toyota,Sienna,12/31/21,2021,5000,4/25/22,2022,115,5995,1435,995,-440
1079,2005,Toyota,Rav4,8/7/17,2017,2050,3/11/19,2019,581,2495,876,445,-431
1540,2014,Kia,Forte,6/8/21,2021,4050,2/4/22,2022,241,4900,1277,850,-427
1270,2005,Nissan,XTerra,5/2/19,2019,2008,12/17/19,2019,229,2000,408,-8,-416
315,2009,Honda,Accord,11/29/11,2011,10340,2/1/12,2012,64,10000,72,-340,-412
836,1999,Subaru,Impreza,4/23/15,2015,500,12/29/15,2015,250,100,0,-400,-400
712,2004,Subaru,Outback,8/22/14,2014,600,2/10/16,2016,537,200,0,-400,-400
801,2006,Honda,Civic,5/4/15,2015,5850,10/31/15,2015,180,6995,1539,1145,-394
906,2010,Subaru,Forester,1/11/16,2016,6850,12/30/17,2017,719,6995,479,145,-334
1598,2003,Ford,Explorer,9/28/21,2021,725,12/31/21,2021,94,400,0,-325,-325
1283,2017,Chevrolet,Equinox,6/7/19,2019,17425,6/18/19,2019,11,19500,2400,2075,-325
1360,2014,Subaru,Forester,12/30/19,2019,2850,1/22/20,2020,23,3995,1466,1145,-321
1030,2008,Subaru,Impreza,3/20/17,2017,4450,1/18/18,2018,304,4900,759,450,-309
705,1998,Subaru,Forester,8/5/14,2014,400,12/29/15,2015,511,100,0,-300,-300
911,2002,Hyundai,Elantra,1/20/16,2016,500,5/1/16,2016,102,200,0,-300,-300
1225,2011,Subaru,Impreza,12/17/18,2018,7150,7/8/20,2020,569,6995,142,-155,-297
1338,2010,Chevrolet,Express,10/14/19,2019,4050,11/22/19,2019,39,6300,2547,2250,-297
1279,2016,Toyota,Sienna,5/17/19,2019,20420,7/5/19,2019,49,21000,876,580,-296
758,2002,Subaru,Impreza,12/24/14,2014,495,12/30/18,2018,1467,200,0,-295,-295
1118,2007,GMC,Yukon,11/20/17,2017,6850,1/19/19,2019,425,7995,1439,1145,-294
1638,2009,Toyota,Corolla,12/14/21,2021,3800,12/16/21,2021,2,3800,271,0,-271
00820-2,2008,Subaru,Legacy,6/19/15,2015,2870,2/17/18,2018,974,2995,393,125,-268
873,1999,Ford,Van,10/19/15,2015,500,12/9/15,2015,51,250,0,-250,-250
594,2003,Buick,LeSabre,9/3/13,2013,1850,5/12/15,2015,616,2400,790,550,-240
1581,2006,Hyundai,Santa Fe,8/17/21,2021,601,12/31/21,2021,136,400,0,-201,-201
1148,2013,Ford,Explorer,4/2/18,2018,11750,2/19/19,2019,323,12995,1446,1245,-201
1158,1995,Saab,900 Convertible,4/23/18,2018,2050,5/1/18,2018,8,2050,200,0,-200
1087,2003,Jeep,Liberty,8/17/17,2017,995,10/6/17,2017,50,800,0,-195,-195
1208,2015,Ford,Taurus,10/1/18,2018,9850,5/20/20,2020,597,9995,340,145,-195
01017-1,2014,Honda,Insight,1/23/17,2017,10050,2/26/18,2018,399,9995,137,-55,-192
1548,2013,Subaru,Forester,6/21/21,2021,10550,11/3/21,2021,135,12995,2621,2445,-176
1068,2013,Subaru,XV Crosstrek,7/17/17,2017,13250,9/26/18,2018,436,13850,772,600,-172
1318,2003,Honda,Odyssey,8/30/19,2019,1000,9/16/19,2019,17,1000,171,0,-171
1109,2008,Subaru,Forester,10/30/17,2017,3850,6/20/19,2019,598,4995,1306,1145,-161
994,2000,Ford,Taurus,10/21/16,2016,250,1/15/17,2017,86,100,0,-150,-150
1613,2004,Honda,Accord,11/9/21,2021,550,12/31/21,2021,52,400,0,-150,-150
1167,2014,Subaru,Impreza,5/7/18,2018,6850,8/7/19,2019,457,6995,292,145,-147
1124,2015,Subaru,Impreza,12/27/17,2017,11550,3/23/19,2019,451,11995,592,445,-147
743,2003,Subaru,Legacy ,10/27/14,2014,1650,9/15/16,2016,689,2700,1192,1050,-142
814,2006,Subaru,Baja,6/15/15,2015,11050,9/17/16,2016,460,11500,590,450,-140
1533,2011,Hyundai,Santa Fe,4/16/21,2021,3000,5/21/21,2021,35,2865,0,-135,-135
1547,2012,Subaru,Forester,6/21/21,2021,9850,12/22/21,2021,184,10900,1183,1050,-133
1273,2008,Honda,Civic,4/22/19,2019,300,2/12/20,2020,296,3070,2900,2770,-130
1395,2017,Subaru,Forester,5/18/20,2020,11950,6/8/20,2020,21,11950,127,0,-127
848,2011,Toyota,Tundra,8/14/15,2015,20500,8/14/15,2015,0,20500,126,0,-126
1458,2018,Ford,Edge,9/2/20,2020,9125,11/3/20,2020,62,9000,0,-125,-125
1284,2017,Toyota,Prius Prime,6/13/19,2019,23025,9/7/19,2019,86,23995,1095,970,-125
966,2012,Honda,Fit,7/11/16,2016,9250,8/3/16,2016,23,9250,115,0,-115
1141,2009,Honda,Civic,3/12/18,2018,2950,1/2/19,2019,296,3995,1156,1045,-111
1626,2002,Honda,Accord,12/1/21,2021,500,12/31/21,2021,30,400,0,-100,-100
735,2012,Honda,Odyssey,10/20/14,2014,19600,4/2/15,2015,164,21000,1497,1400,-97
1114,2003,Subaru,Baja,11/10/17,2017,350,8/16/19,2019,644,350,90,0,-90
835,2001,Mazda,626,7/10/15,2015,200,3/25/16,2016,259,205,80,5,-75
1183,2011,GMC,Acadia,7/9/18,2018,6650,11/2/18,2018,116,8800,2225,2150,-75
1200,2010,Chrysler,Town & Country,8/7/18,2018,3700,10/8/20,2020,793,4700,1066,1000,-66
1452,2015,Ford,Taurus,10/19/20,2020,9250,5/27/21,2021,220,10995,1800,1745,-55
1011,2008,Honda,Accord,1/2/17,2017,5650,5/3/18,2018,486,5995,398,345,-53
1417,2009,Pontiac,Vibe,7/27/20,2020,2250,1/27/21,2021,184,4800,2603,2550,-53
808,2000,Mazda,Protege,5/22/15,2015,500,6/2/15,2015,11,450,0,-50,-50
1621,2011,Toyota,Sienna,11/16/21,2021,11050,12/28/21,2021,42,11900,900,850,-50
776,2004,Subaru,Forester,3/9/15,2015,1850,10/27/15,2015,232,2995,1194,1145,-49
871,2005,Ford,Expedition,10/15/15,2015,3590,5/25/16,2016,223,5400,1859,1810,-49
1580,2006,Ford,F-150,8/13/21,2021,700,10/18/21,2021,66,675,20,-25,-45
1203,2007,Subaru,Outback,9/17/18,2018,2050,12/17/18,2018,91,3995,1978,1945,-33
1507,2014,Subaru,Crosstrek,4/13/21,2021,9350,6/7/21,2021,55,9478,157,128,-29
804,2007,Honda,CR-V,5/11/15,2015,8850,6/18/15,2015,38,8850,27,0,-27
809,1999,Volkswagen,Passat,5/27/15,2015,300,1/29/16,2016,247,275,0,-25,-25
831,2006,Subaru,Forester,6/29/15,2015,4250,3/29/16,2016,274,4800,574,550,-24
252,1979,Ford,Ranchero,6/15/11,2011,3200,2/3/12,2012,233,3295,117,95,-22
586,2003,Subaru,Legacy,10/21/13,2013,1850,3/9/15,2015,504,2995,1160,1145,-15
885,2010,Chrysler,Town & Country +,11/16/15,2015,8550,11/25/15,2015,9,8550,14,0,-14
1302,2006,Chevrolet,HHR,6/20/19,2019,200,8/16/19,2019,57,275,87,75,-12
1558,2002,Subaru,Outback - Legacy,6/29/21,2021,560,7/26/21,2021,27,550,0,-10,-10
1182,2008,Pontiac,Vibe,7/9/18,2018,1250,7/23/18,2018,14,1630,389,380,-9
1637,2015,Honda,Accord,12/21/21,2021,10650,5/23/22,2022,153,10700,55,50,-5
317,2007,chrysler,caliber,1/31/12,2012,5210,2/1/12,2012,1,5230,21,20,-1
748,2004,Chevrolet,Express 3500,11/10/14,2014,6400,11/14/14,2014,4,6400,0,0,0
783,2005,Toyota,Sienna,3/28/15,2015,3750,3/28/15,2015,0,3750,0,0,0
787,2011,Ford,F150,4/10/15,2015,22890,4/14/15,2015,4,22890,0,0,0
853,2012,Honda,Accord,8/24/15,2015,12625,8/31/15,2015,7,12625,0,0,0
862,1992,Ford,Tow Truck,10/9/15,2015,500,10/10/15,2015,1,500,0,0,0
870,2003,Buick,LeSabre,10/8/15,2015,820,10/19/15,2015,11,820,0,0,0
867,2001,Oldsmobile,Sedan,10/8/15,2015,1020,10/19/15,2015,11,1020,0,0,0
868,2000,Cadillac,Sedan,10/8/15,2015,1150,10/19/15,2015,11,1150,0,0,0
866,2001,Dodge,Van,10/5/15,2015,720,10/19/15,2015,14,720,0,0,0
884,2010,Subaru,Forester,11/16/15,2015,9950,12/23/15,2015,37,9950,0,0,0
913,2000,Chevrolet,WT5,1/26/16,2016,12000,1/25/16,2016,-1,12000,0,0,0
987,2005,Toyota,Rav4,10/31/16,2016,2150,11/4/16,2016,4,2150,0,0,0
1000,2005,Chevrolet,Silverado 2500HD Diesel,12/13/16,2016,10000,12/14/16,2016,1,10000,0,0,0
1117,2011,Ford,F 150,11/16/17,2017,15000,11/16/17,2017,0,15000,0,0,0
1126,2005,Chevrolet,Suburban,1/20/18,2018,7100,1/23/18,2018,3,7100,0,0,0
1206,2004,Honda,Pilot,10/1/18,2018,3850,10/3/18,2018,2,3850,0,0,0
1351,2007,Subaru,Impreza,11/16/19,2019,350,9/17/20,2020,306,350,0,0,0
1435,2006,Honda,CRV,9/1/20,2020,545,10/2/20,2020,31,545,0,0,0
1494,2018,Kia,Sorento,2/17/21,2021,6925,5/24/21,2021,96,6925,0,0,0
1588,2013,Subaru,Outback,9/7/21,2021,3338,9/22/21,2021,15,3338,0,0,0
1660,2012,Toyota,Prius,2/8/21,2021,9050,2/8/22,2022,365,9050,0,0,0
1656,2016,Ford,Fusion,1/20/22,2022,3500,3/9/22,2022,48,3500,0,0,0
1106,2013,Ford,Explorer,10/23/17,2017,16150,11/21/18,2018,394,16927,777,777,0
557,2006,Subaru,Forester,9/23/13,2013,2050,5/11/15,2015,595,2995,945,945,0
869,1997,Chevrolet,Van,10/8/15,2015,620,10/19/15,2015,11,620.04,0,0.04,0.04
1387,2014,Subaru,Forester,4/20/20,2020,10450,6/29/20,2020,70,10705,254,255,1
1173,2010,Subaru,Forester,6/11/18,2018,2150,11/26/18,2018,168,3995,1832,1845,13
1416,2003,Saturn,Ion,7/22/20,2020,400,7/31/20,2020,9,415,0,15,15
671,2012,Honda,Civic,6/20/14,2014,12800,8/14/14,2014,55,12815.01,0,15.01,15.01
976,2003,Buick,LeSabre,9/13/16,2016,181.48,12/30/18,2018,838,200,0,18.52,18.52
1592,2015,Jeep,Wrangler,9/14/21,2021,21650,12/17/21,2021,94,22600,930,950,20
506,2007,Toyota,Camry,5/22/13,2013,7575,4/2/15,2015,680,7800,203,225,22
1346,2007,Subaru,Forester,10/21/19,2019,1200,7/9/20,2020,262,3300,2076,2100,24
941,2002,Ford,Escort,5/4/16,2016,100,5/1/16,2016,-3,125,0,25,25
1179,2005,Subaru,Forester,7/9/18,2018,950,4/22/19,2019,287,3495,2516,2545,29
945,2008,Toyota,Tundra,5/9/16,2016,15500,5/18/16,2016,9,15540,7,40,33
1380,2012,Mini,Cooper,2/24/20,2020,3250,2/28/20,2020,4,3785,487,535,48
1664,2003,Pontiac,Grand Prix,2/15/22,2022,601,5/6/22,2022,80,650,0,49,49
1240,2007,Toyota,Yaris,1/25/19,2019,350,3/16/19,2019,50,400,0,50,50
1517,2008,Suzuki,Reno,4/28/21,2021,500,5/10/21,2021,12,550,0,50,50
1537,2018,Chevrolet,Equinox,5/25/21,2021,20850,5/27/21,2021,2,20900,0,50,50
1631,2000,GMC,Safari,8/25/21,2021,699.99,5/4/22,2022,252,900,145,200.01,55.01
1412,2017,Honda,Civic,7/15/20,2020,15111,7/21/21,2021,371,15900,732,789,57
1281,1999,Toyota,Corolla,5/30/19,2019,200,6/14/19,2019,15,350,90,150,60
1518,2002,Toyota,Avalon,4/30/21,2021,500,5/28/21,2021,28,565,0,65,65
951,2003,Subaru,Impreza,5/27/16,2016,1260,7/17/17,2017,416,2495,1152,1235,83
1014,2003,Honda,Civic,1/23/17,2017,1750,2/8/17,2017,16,2000,164,250,86
719,2010,Ford,Transit Connect,9/8/14,2014,7650,3/10/15,2015,183,8800,1053,1150,97
1627,2008,Chevrolet,Equinox,12/7/21,2021,801,5/6/22,2022,150,900,0,99,99
715,2011,Ford,Taurus,8/25/14,2014,11100,11/7/14,2014,74,11200,0,100,100
1347,2007,Honda,Civic,7/30/19,2019,200,11/8/19,2019,101,300,0,100,100
861,2012,Chevrolet,Sonic,10/5/15,2015,4550,5/31/16,2016,239,4995,342,445,103
914,2009,Toyota,Rav4,1/25/16,2016,7150,5/6/17,2017,467,8400,1147,1250,103
1145,2015,Subaru,Forester,3/19/18,2018,14650,11/15/18,2018,241,14800,35,150,115
1370,2007,Honda,Civic,1/27/20,2020,3050,8/5/20,2020,191,3495,327,445,118
1429,2019,Honda,Accord,8/17/20,2020,21850,3/19/21,2021,214,22000,31,150,119
1658,2017,Chevrolet,Cruze,2/9/22,2022,12850,2/23/22,2022,14,13900,929,1050,121
796,2004,Dodge,Intrepid,4/20/15,2015,1350,9/15/15,2015,148,1995,517,645,128
837,2010,Ford,Focus,7/13/15,2015,7150,3/26/16,2016,257,7500,216,350,134
707,1998,Pontiac,Grand Prix,8/18/14,2014,265,9/24/14,2014,37,400,0,135,135
1277,2015,Toyota,Sienna,5/17/19,2019,15650,6/19/19,2019,33,16500,710,850,140
959,2009,Chevrolet,C1500,6/28/16,2016,6175,9/5/17,2017,434,6995,675,820,145
986,2009,Ford,F-150,10/24/16,2016,16330,10/31/16,2016,7,17042.95,567,712.95,145.95
1108,2000,Honda,Accord,10/30/17,2017,1051,11/7/17,2017,8,1200,0,149,149
771,2006,Subaru,Forester,3/2/15,2015,4050,6/2/15,2015,92,4200,0,150,150
938,2013,Subaru,XV Crosstrek,4/25/16,2016,17450,6/16/17,2017,417,17600,0,150,150
1597,2017,Subaru,Legacy,9/20/21,2021,14850,10/4/21,2021,14,15000,0,150,150
1619,2016,Ford,Fusion,11/9/21,2021,14750,12/1/21,2021,22,14900,0,150,150
711,2011,Honda,CR-V,8/20/14,2014,15745,2/11/15,2015,175,15995,94,250,156
1286,2016,Toyota,Sienna,6/14/19,2019,17550,6/25/19,2019,11,18850,1133,1300,167
880,2005,Honda,Accord ,11/9/15,2015,3150,6/20/16,2016,224,3995,676,845,169
739,2011,Chevrolet,Silverado 1500,10/20/14,2014,20650,2/13/15,2015,116,21450,620,800,180
827,2005,Subaru,Legacy,6/22/15,2015,3700,2/29/16,2016,252,4995,1111,1295,184
1324,2015,Toyota,Venza,9/23/19,2019,7850,3/24/21,2021,548,8951,916,1101,185
1659,2017,Ford,Explorer,2/8/22,2022,20850,2/27/22,2022,19,21900,862,1050,188
1620,2003,Toyota,4 Runner,11/11/21,2021,4620,3/5/22,2022,114,7495,2687,2875,188
1271,2007,Toyota,Matrix,5/6/19,2019,2550,6/11/20,2020,402,3995,1255,1445,190
931,2000,Jeep,Cherokee,4/8/16,2016,100,4/22/16,2016,14,320,22,220,198
746,2001,Dodge,Grand Caravan,11/8/14,2014,300,12/8/14,2014,30,500,0,200,200
910,2002,Chevrolet,Blazer,1/20/16,2016,300,2/9/17,2017,386,500,0,200,200
1367,2002,Honda,Accord,1/16/20,2020,300,8/13/20,2020,210,500,0,200,200
1551,2016,Buick,LaCrosse,6/21/21,2021,17350,7/28/21,2021,37,17550,0,200,200
1559,2004,Jeep,Cherokee,6/29/21,2021,680,8/27/21,2021,59,915,22,235,213
1508,2014,Subaru,Forester,4/13/21,2021,10650,5/24/21,2021,41,10900,24,250,226
1695,2019,Chevrolet,Equinox,6/14/22,2022,18650,6/23/22,2022,9,18900,0,250,250
964,2008,Ford,Taurus,6/27/16,2016,3250,8/6/16,2016,40,3600,92,350,258
696,2007,Ford,Fusion,7/21/14,2014,7350,6/6/15,2015,320,7800,192,450,258
733,2003,Subaru,Baja,10/9/14,2014,5800,7/11/15,2015,275,6500,441,700,259
1382,2012,Ford,Explorer,2/24/20,2020,8750,6/5/21,2021,467,9995,984,1245,261
1267,2013,Subaru,Impreza,4/22/19,2019,7650,7/26/19,2019,95,8700,782,1050,268
1049,2004,Jeep,Grand Cherokee,5/8/17,2017,900,6/22/18,2018,410,1200,30,300,270
1052,2013,Toyota,Prius V,5/15/17,2017,7695,2/14/18,2018,275,7995,25,300,275
1243,2008,Subaru,Impreza,2/6/19,2019,1995,3/4/19,2019,26,2495,215,500,285
794,2000,Jeep,Cherokee,4/15/15,2015,1600,4/23/15,2015,8,2500,614,900,286
681,2002,Honda,Accord,7/7/14,2014,2150,12/31/14,2014,177,2450,0,300,300
1086,2007,Kia,Rio,7/27/17,2017,1100,8/22/17,2017,26,1400,0,300,300
1088,2003,Subaru,Forester,8/30/17,2017,200,11/24/17,2017,86,500,0,300,300
1161,2010,Toyota,Tacoma,4/30/18,2018,11650,5/26/18,2018,26,12000,49,350,301
1031,2009,Honda,CRV,3/20/17,2017,5650,1/12/18,2018,298,6995,1040,1345,305
943,2010,Lexus,RX400H,5/6/16,2016,22090,6/20/16,2016,45,22643,243,553,310
989,2013,Toyota,Prius,11/7/16,2016,10350,5/4/17,2017,178,11500,840,1150,310
1025,2011,Subaru,Legacy 2.5I,2/20/17,2017,5650,1/8/18,2018,322,5995,32,345,313
1246,2014,Ford,Fusion,2/19/19,2019,7200,1/9/20,2020,324,7995,480,795,315
1543,2013,Toyota,Camry,6/18/21,2021,11490,12/16/21,2021,181,12000,189,510,321
916,2004,Subaru,Forester,1/25/16,2016,1850,12/6/16,2016,316,3995,1820,2145,325
977,2005,Scion,xB,9/17/16,2016,1000,1/25/17,2017,130,1500,170,500,330
1430,2010,Toyota,Prius,8/24/20,2020,4850,10/9/20,2020,46,6800,1620,1950,330
779,2008,Lincoln,Navigator,3/9/15,2015,10250,9/15/15,2015,190,11995,1400,1745,345
1341,2015,Ford,Fusion,10/14/19,2019,8150,12/14/20,2020,427,9300,802,1150,348
553,2005,Toyota,Corolla,9/9/13,2013,3500,12/30/14,2014,477,3850,0,350,350
971,2010,Toyota,Prius ,8/1/16,2016,10150,9/23/16,2016,53,10500,0,350,350
1539,2013,Subaru,Crosstrek,6/8/21,2021,6750,8/12/21,2021,65,8200,1097,1450,353
770,2005,Kia,Sedona,2/16/15,2015,1350,1/25/16,2016,343,1995,281,645,364
761,2005,Chevrolet,Silverado,1/5/15,2015,6850,3/10/15,2015,64,8300,1082,1450,368
1461,2012,Mazda,Mazda 3i,11/7/20,2020,4000,5/1/21,2021,175,5967,1599,1967,368
723,2005,Subaru,Legacy,9/29/14,2014,1950,5/29/15,2015,242,5800,3478,3850,372
1565,2016,GMC,Terrain,7/16/21,2021,13000,8/5/21,2021,20,13400,25,400,375
968,2005,Honda,Odyssey,7/18/16,2016,2650,9/15/16,2016,59,3650,624,1000,376
1061,2005,Honda,Civic,7/10/17,2017,1850,2/24/18,2018,229,2995,761,1145,384
1343,2008,Dodge,Grand Caravan,10/16/19,2019,2260,7/22/20,2020,280,2995,346,735,389
1218,2006,Subaru,Forester,11/19/18,2018,1650,5/31/19,2019,193,4000,1952,2350,398
1287,2018,Dodge,Grand Caravan,6/14/19,2019,17750,6/26/19,2019,12,18500,350,750,400
825,2006,Subaru,Legacy,6/22/15,2015,5050,12/26/15,2015,187,6000,550,950,400
1510,2013,Ford,C-Max Hybrid,4/20/21,2021,3050,11/22/21,2021,216,4995,1540,1945,405
784,2009,Subaru,Legacy,3/30/15,2015,7150,8/18/15,2015,141,8800,1244,1650,406
1635,2013,Subaru,Forester,12/21/21,2021,6650,2/17/22,2022,58,8500,1441,1850,409
1333,2017,Kia,Niro,9/30/19,2019,20025,10/16/19,2019,16,20841,403,816,413
728,2011,Ford,Escape,10/13/14,2014,8650,7/30/15,2015,290,9800,736,1150,414
1566,2001,Dodge,Durango,7/20/21,2021,700,10/4/21,2021,76,1135,20,435,415
1594,2012,Subaru,Forester,9/20/21,2021,7050,10/6/21,2021,16,7500,31,450,419
1444,2018,Subaru,Forester,9/21/20,2020,15850,4/1/21,2021,192,16995,726,1145,419
1386,2013,Ford,C-Max,4/20/20,2020,5250,7/1/20,2020,72,6850,1179,1600,421
1060,2002,Honda,Civic,7/10/17,2017,1250,7/28/17,2017,18,1850,172,600,428
1571,2012,Honda,Ridgeline,7/27/21,2021,16950,8/5/21,2021,9,17400,20,450,430
929,2006,Subaru,Legacy,4/11/16,2016,2850,9/17/16,2016,159,3995,713,1145,432
947,2004,Honda,Element,5/18/16,2016,4000,9/23/16,2016,128,4500,65,500,435
1051,2009,Honda,Accord,5/15/17,2017,6150,5/3/18,2018,353,6995,409,845,436
1048,2005,GMC,Sierra,5/6/17,2017,2000,6/8/17,2017,33,2700,256,700,444
1299,2014,Toyota,Prius,7/8/19,2019,9650,9/7/19,2019,61,10100,0,450,450
1617,2013,Honda,Civic,11/9/21,2021,13450,12/1/21,2021,22,13900,0,450,450
1146,2009,Toyota,Tacoma,3/23/18,2018,14605,8/8/19,2019,503,15995,936,1390,454
1625,2014,Ford,Escape,11/16/21,2021,17800,12/17/21,2021,31,18400,144,600,456
786,2012,Hyundai,Accent,4/6/15,2015,8050,9/24/15,2015,171,9275,760,1225,465
673,2005,Buick,LeSabre,6/30/14,2014,1650,6/22/15,2015,357,3400,1283,1750,467
1292,2004,Toyota,Tundra,6/17/19,2019,5000,9/6/19,2019,81,5800,330,800,470
1112,2014,Honda,Civic,10/30/17,2017,9650,10/24/18,2018,359,10250,129,600,471
838,1985,Cadillac,Eldorado,7/20/15,2015,525,8/28/15,2015,39,1000,0,475,475
1291,2012,Toyota,Camry,6/27/19,2019,6300,10/21/19,2019,116,7900,1124,1600,476
1266,2012,Ford,Expedition,4/22/19,2019,12650,5/2/19,2019,10,13625,498,975,477
1315,2019,Dodge,Grand Caravan,9/6/19,2019,18850,9/17/19,2019,11,20200,870,1350,480
992,2004,Toyota,Tacoma,11/14/16,2016,8150,3/29/17,2017,135,9800,1163,1650,487
813,2008,Dodge,Grand Caravan,6/8/15,2015,7150,3/1/16,2016,267,7800,162,650,488
1215,2007,Toyota,Camry,11/12/18,2018,3250,1/2/19,2019,51,3995,256,745,489
810,2008,Subaru,Forester,6/1/15,2015,6100,4/16/16,2016,320,6750,157,650,493
638,2008,Mazda,3 Hatchback,4/14/14,2014,9500,7/6/15,2015,448,9995,0,495,495
1152,2015,Nissan,Rogue,4/2/18,2018,11750,5/8/19,2019,401,12495,249,745,496
1358,2008,Toyota,Tundra,12/9/19,2019,8550,12/11/19,2019,2,9050,0,500,500
1363,2011,Toyota,Camry,1/13/20,2020,9450,1/15/20,2020,2,9979,29,529,500
764,2014,Ford,E250,2/3/15,2015,23125,2/16/15,2015,13,23700,75,575,500
1330,2015,Subaru,Forester,9/30/19,2019,10050,10/8/19,2019,8,11000,450,950,500
1261,2005,Toyota,Tundra,4/29/19,2019,7650,6/11/19,2019,43,8460,309,810,501
957,2015,Ram,2500,6/21/16,2016,28875,6/30/16,2016,9,29715,339,840,501
1234,2007,Toyota,Tundra,1/21/19,2019,6950,1/25/19,2019,4,7579,127,629,502
1144,2013,Jeep,Wrangler,3/19/18,2018,17450,9/12/18,2018,177,18000,45,550,505
855,2007,Toyota,Rav4,9/14/15,2015,6650,4/8/16,2016,207,7200,44,550,506
1125,2007,Ford,Explorer,1/8/18,2018,2720,2/2/18,2018,25,3395,168,675,507
1425,2017,Honda,Accord,8/12/20,2020,15500,8/21/20,2020,9,16975,967,1475,508
1033,2013,Toyota,Matrix,3/27/17,2017,6650,6/27/17,2017,92,8000,841,1350,509
1115,2011,Honda,CR-V,11/13/17,2017,8950,2/22/19,2019,466,9995,534,1045,511
1089,2005,Toyota,Highlander,9/11/17,2017,3950,11/8/18,2018,423,4850,382,900,518
1372,2010,Subaru,Impreza,2/1/20,2020,1800,6/26/20,2020,146,3995,1656,2195,539
1591,2011,Honda,Pilot,9/14/21,2021,5050,12/16/21,2021,93,6400,809,1350,541
1191,2008,Honda,Civic,7/30/18,2018,2150,5/28/19,2019,302,3800,1109,1650,541
1561,2013,Subaru,Outback,7/13/21,2021,8050,12/1/21,2021,141,9900,1303,1850,547
1080,2012,Toyota,Prius,8/7/17,2017,10250,2/6/18,2018,183,10800,0,550,550
1691,2018,Subaru,Outback,6/7/22,2022,19850,6/30/22,2022,23,20400,0,550,550
1139,2014,Toyota,Rav-4,3/9/18,2018,14930,4/27/18,2018,49,15500,17,570,553
894,2010,Honda,Fit,12/21/15,2015,4750,3/21/16,2016,91,5700,396,950,554
701,2010,Hyundai,Sonata,8/4/14,2014,5050,3/31/15,2015,239,5750,145,700,555
1213,1978,Lincoln,Continental,10/10/18,2018,5000,10/7/20,2020,728,6900,1344,1900,556
816,2001,Subaru,Forester,6/15/15,2015,750,1/11/17,2017,576,3995,2678,3245,567
1476,2010,Toyota,Corolla,1/19/21,2021,4450,2/27/21,2021,39,5995,971,1545,574
890,2010,Toyota,Matrix,11/30/15,2015,4150,12/2/16,2016,368,4995,269,845,576
934,2014,Acura,RDX,4/22/16,2016,27615,4/26/16,2016,4,28240,47,625,578
823,2007,Honda,Accord,6/19/15,2015,7100,6/3/16,2016,350,7995,317,895,578
948,2009,Ford,F150 XLT,5/20/16,2016,16080,9/7/16,2016,110,17495,837,1415,578
864,2005,Ford,F-150,10/12/15,2015,2150,1/20/16,2016,100,4500,1771,2350,579
1075,2007,Toyota,Camry,7/31/17,2017,3850,5/30/18,2018,303,4995,565,1145,580
954,2005,Honda,Accord,6/13/16,2016,2850,6/30/16,2016,17,3500,69,650,581
807,2010,Subaru,Outback,5/18/15,2015,5150,9/11/15,2015,116,8300,2566,3150,584
909,1999,Chevrolet,Prism,1/19/16,2016,150,12/8/16,2016,324,900,161,750,589
767,2010,Subaru,Forester,2/16/15,2015,9450,5/27/15,2015,100,10750,704,1300,596
860,2004,Honda,CR-V,10/5/15,2015,3150,2/5/16,2016,123,3850,103,700,597
703,2011,Toyota,Highlander,8/4/14,2014,20000,9/12/14,2014,39,20600,0,600,600
1436,2012,Ford,Escape,8/20/20,2020,1500,10/30/20,2020,71,2200,95,700,605
983,2006,Subaru,Outback,10/10/16,2016,3750,1/24/17,2017,106,4500,140,750,610
694,2007,Pontiac,G6,7/14/14,2014,6250,5/28/15,2015,318,7495,634,1245,611
878,2010,Toyota,Matrix S,11/9/15,2015,4450,5/5/17,2017,543,5495,428,1045,617
1160,2008,Ford,Explorer,4/27/18,2018,1500,5/15/18,2018,18,2500,381,1000,619
1194,2008,Subaru,Forester,8/13/18,2018,1650,10/19/18,2018,67,2995,722,1345,623
935,2013,Audi,A4,4/22/16,2016,19075,4/26/16,2016,4,20092,391,1017,626
876,2004,Honda,Accord,10/26/15,2015,1550,1/9/16,2016,75,2995,819,1445,626
1316,2013,Toyota,Rav 4,9/9/19,2019,8850,2/24/20,2020,168,9995,517,1145,628
1618,2014,Ford,F-150,11/8/21,2021,9250,12/16/21,2021,38,9900,15,650,635
887,2006,Subaru,Forester,11/23/15,2015,3950,10/13/16,2016,325,6495,1910,2545,635
1105,2012,Subaru,Impreza,10/23/17,2017,8250,1/23/18,2018,92,8995,108,745,637
1397,2006,Chevrolet,Impala,5/29/20,2020,200,7/31/20,2020,63,965,125,765,640
922,2012,Ford,Focus,3/14/16,2016,8250,8/17/17,2017,521,8995,101,745,644
874,2005,Buick,LeSabre,10/19/15,2015,1850,5/2/16,2016,196,2650,155,800,645
1163,2010,Honda,Pilot,5/4/18,2018,12395,5/16/18,2018,12,13316,275,921,646
1002,2009,Kia,Sorento,12/19/16,2016,3850,1/28/17,2017,40,4995,498,1145,647
1456,2016,Ford,Fiesta,10/29/20,2020,6000,3/19/21,2021,141,6800,151,800,649
762,2012,Ford,Focus,1/5/15,2015,6750,3/10/15,2015,64,7400,0,650,650
1216,2013,Ford,Explorer,11/5/18,2018,8850,11/21/18,2018,16,9500,0,650,650
1527,2017,Subaru,Forester,5/10/21,2021,14250,5/19/21,2021,9,14900,0,650,650
1678,2017,Jeep,Grand Cherokee,3/31/22,2022,21100,6/23/22,2022,84,21900,150,800,650
841,2007,Subaru,Outback,7/27/15,2015,5425,10/30/15,2015,95,6500,421,1075,654
1305,2014,Subaru,Impreza,8/12/19,2019,9650,10/26/19,2019,75,10500,179,850,671
1232,2010,Toyota,Corolla,1/14/19,2019,2150,3/5/19,2019,50,3350,522,1200,678
1190,2004,Honda,Civic,7/23/18,2018,850,9/29/18,2018,68,1995,465,1145,680
1121,2008,Subaru,Outback,12/18/17,2017,3650,1/11/18,2018,24,4700,368,1050,682
1268,2013,Toyota,Tacoma,5/2/19,2019,12000,7/26/19,2019,85,13700,1010,1700,690
1027,2005,Volkswagen,Jetta,3/1/17,2017,1200,3/27/17,2017,26,2000,106,800,694
738,2005,Honda,CR-V,10/20/14,2014,4250,8/3/15,2015,287,5300,352,1050,698
930,2012,Chevrolet,Malibu,4/13/16,2016,11300,9/13/16,2016,153,12000,0,700,700
1038,2007,Honda,CRV,4/17/17,2017,4950,9/22/17,2017,158,5750,100,800,700
1378,2005,Toyota,Tacoma,2/24/20,2020,6500,8/14/20,2020,172,14195,6993,7695,702
1251,2005,Toyota,4 Runner,3/25/19,2019,3350,4/22/19,2019,28,5000,946,1650,704
817,2004,Pontiac,Vibe,6/15/15,2015,1875,3/22/16,2016,281,2700,119,825,706
1502,2015,Subaru,Forester,4/6/21,2021,6150,7/30/21,2021,115,8200,1341,2050,709
939,2013,Subaru,Outback,5/2/16,2016,13450,4/27/17,2017,360,14375,214,925,711
1201,2012,Honda,Ridgeline,9/10/18,2018,8650,1/7/19,2019,119,11995,2626,3345,719
750,2005,Chevrolet,Tahoe,11/17/14,2014,8450,1/15/15,2015,59,9500,326,1050,724
1229,2008,Subaru,Impreza,1/7/19,2019,1250,1/11/19,2019,4,1995,14,745,731
991,2007,Toyota,RAV4,11/14/16,2016,4450,5/11/17,2017,178,5500,312,1050,738
1633,2010,Toyota,Corolla,12/15/21,2021,5550,3/23/22,2022,98,7995,1707,2445,738
998,2008,Pontiac,Vibe,12/5/16,2016,1250,1/27/17,2017,53,1995,0,745,745
1155,2013,Toyota,Tacoma,4/10/18,2018,15075,4/20/18,2018,10,16050,229,975,746
1438,2013,Honda,Accord,9/14/20,2020,9650,1/12/21,2021,120,10500,102,850,748
1574,2015,Subaru,Impreza,8/3/21,2021,3550,11/8/21,2021,97,5995,1696,2445,749
602,2003,Subaru,Legacy,12/2/13,2013,2050,12/27/14,2014,390,2800,0,750,750
970,2009,Subaru,Forester,8/1/16,2016,5250,12/20/16,2016,141,6000,0,750,750
1028,2015,Honda,Accord,2/20/17,2017,15750,10/6/17,2017,228,16500,0,750,750
1091,2009,Dodge,Grand Caravan,9/15/17,2017,4905,9/21/17,2017,6,5700,42,795,753
1460,2013,Subaru,Legacy,11/2/20,2020,7150,1/16/21,2021,75,9700,1796,2550,754
1377,2011,Ford,Fusion,2/22/20,2020,3000,6/1/20,2020,100,3995,232,995,763
1300,2016,Subaru,Outback,7/8/19,2019,17650,2/19/20,2020,226,18700,285,1050,765
1493,2015,Toyota,Prius,3/16/21,2021,7050,7/16/21,2021,122,8995,1177,1945,768
1563,2014,Subaru,Legacy,7/13/21,2021,6250,2/10/22,2022,212,8995,1968,2745,777
1187,2011,Honda,CR-V,7/16/18,2018,5150,10/3/18,2018,79,6775,840,1625,785
1304,2013,Subaru,Impreza,8/5/19,2019,6850,8/1/20,2020,362,8700,1051,1850,799
1196,2008,Subaru,Impreza,8/13/18,2018,850,11/9/18,2018,88,3495,1841,2645,804
940,2011,Subaru,Outback,5/2/16,2016,10150,2/25/17,2017,299,10995,40,845,805
1192,2009,Honda,Pilot,8/6/18,2018,8650,9/8/18,2018,33,9995,538,1345,807
1193,2009,Toyota,Corolla,8/6/18,2018,2350,1/26/19,2019,173,3800,641,1450,809
1423,2018,Subaru,Forester,8/10/20,2020,16450,5/6/21,2021,269,17400,140,950,810
323,2008,Nissan,Altima,1/10/12,2012,12435,2/9/12,2012,30,13250,0,815,815
635,2004,Subaru,Outback,4/7/14,2014,6150,5/22/15,2015,410,6995,30,845,815
1604,2015,Dodge,Charger,10/19/21,2021,4650,1/25/22,2022,98,6495,1027,1845,818
1569,2018,Toyota,RAV-4,7/21/21,2021,23050,10/1/21,2021,72,23900,30,850,820
781,2007,Pontiac,Vibe,3/16/15,2015,4150,6/30/15,2015,106,4995,21,845,824
720,2005,Honda,Accord,9/22/14,2014,4800,4/9/15,2015,199,6500,876,1700,824
903,2008,Toyota,Rav4,1/11/16,2016,5650,7/21/16,2016,192,6800,325,1150,825
1320,2016,Toyota,Rav-4,9/20/19,2019,19035,9/26/19,2019,6,20495,635,1460,825
982,2009,Toyota,Camry,10/10/16,2016,6350,12/17/16,2016,68,7284,105,934,829
811,2012,Toyota,Prius,6/1/15,2015,10100,10/6/15,2015,127,10995,65,895,830
314,2008,Toyota,Sienna,11/29/11,2011,12450,1/18/12,2012,50,13600,320,1150,830
1654,2013,Ford,Escape,1/24/22,2022,12850,4/7/22,2022,73,13900,216,1050,834
842,2005,Mercury,Sable,7/27/15,2015,1225,2/19/16,2016,207,2450,391,1225,834
1018,2004,Toyota,Tundra,12/20/16,2016,6700,3/17/17,2017,87,8500,966,1800,834
1426,2015,Subaru,Legacy,8/17/20,2020,7650,11/14/20,2020,89,9700,1216,2050,834
1174,2005,Ford,F150,6/15/18,2018,2300,10/14/19,2019,486,4000,864,1700,836
1470,2013,Fiat,500,1/4/21,2021,2950,3/16/21,2021,71,4995,1199,2045,846
1066,2010,Mercury,Grand Marquis,7/17/17,2017,4050,11/20/17,2017,126,5000,102,950,848
1289,2010,Ford,F-150,6/17/19,2019,11250,6/29/20,2020,378,12495,397,1245,848
751,2005,Chrysler,Pacifica,11/17/14,2014,2650,2/2/15,2015,77,3500,0,850,850
846,2008,Toyota,Yaris,8/10/15,2015,3650,9/4/15,2015,25,4500,0,850,850
942,2015,Subaru,Forester XT ,5/9/16,2016,19650,9/28/16,2016,142,20500,0,850,850
1063,2008,Toyota,RAV4,7/10/17,2017,4650,7/25/17,2017,15,5500,0,850,850
1328,2013,Subaru,XV Crosstrek,9/30/19,2019,6050,10/9/19,2019,9,6995,93,945,852
1308,2008,Toyota,Rav 4,8/19/19,2019,4450,11/18/19,2019,91,6400,1091,1950,859
904,2008,Subaru,Forester,1/11/16,2016,3650,2/26/16,2016,46,4899.54,385,1249.54,864.54
1156,2005,Buick,LeSabre,4/14/18,2018,2100,4/16/18,2018,2,3302,330,1202,872
953,2008,Honda,CRV,6/13/16,2016,7350,6/30/16,2016,17,8250,18,900,882
797,2005,Chevrolet,Silverado,4/20/15,2015,8850,1/7/16,2016,262,9995,252,1145,893
1036,2010,Honda,Civic,4/10/17,2017,5650,10/26/17,2017,199,6995,449,1345,896
725,2005,Toyota,Camry,9/29/14,2014,7750,9/15/15,2015,351,8650,0,900,900
1059,2011,Subaru,Outback,6/26/17,2017,9150,9/12/17,2017,78,10050,0,900,900
1162,2017,Jeep,Patriot,5/2/18,2018,12405,6/14/18,2018,43,13377,72,972,900
919,2011,Subaru,Outback,2/22/16,2016,10250,8/4/16,2016,164,11995,844,1745,901
1506,2014,Chevrolet,Cruze,4/13/21,2021,5050,6/2/21,2021,50,6995,1043,1945,902
1013,2004,Toyota,Matrix,1/16/17,2017,2150,4/17/17,2017,91,3200,140,1050,910
1406,2014,Ford,Flex,6/29/20,2020,6750,7/20/20,2020,21,7995,335,1245,910
1418,2011,Toyota,Sienna,7/27/20,2020,8050,8/12/20,2020,16,9300,340,1250,910
830,2004,Subaru,Forester,6/29/15,2015,1950,5/4/16,2016,310,3945,1085,1995,910
996,2008,Honda,Fit,11/28/16,2016,3650,1/28/17,2017,61,4600,37,950,913
1040,2008,Subaru,Tribeca,4/24/17,2017,6850,5/6/17,2017,12,8000,227,1150,923
1355,2015,Subaru,Outback,11/25/19,2019,9250,8/26/20,2020,275,10500,327,1250,923
1534,2012,Subaru,Forester,5/25/21,2021,6050,6/19/21,2021,25,7000,26,950,924
1554,2014,Ford,Fusion,6/29/21,2021,8250,8/5/21,2021,37,9200,21,950,929
1015,2009,Subaru,Forester,1/23/17,2017,5450,1/30/18,2018,372,6500,121,1050,929
1236,2014,Subaru,Forester,1/21/19,2019,6350,10/21/19,2019,273,8495,1215,2145,930
1067,2013,Subaru,Forester,7/17/17,2017,11950,11/12/18,2018,483,12995,109,1045,936
1611,2014,Subaru,Impreza,11/2/21,2021,4150,2/23/22,2022,113,7300,2210,3150,940
1019,2008,Subaru,Impreza,1/30/17,2017,2250,10/19/17,2017,262,3300,106,1050,944
889,2011,Honda,Pilot,11/25/15,2015,15500,5/12/16,2016,169,16995,550,1495,945
1175,2008,Chevrolet,Suburban,6/25/18,2018,5650,8/7/18,2018,43,6600,4,950,946
798,2005,Honda,Accord,4/27/15,2015,3350,7/10/15,2015,74,4500,204,1150,946
714,2009,Hyundai,Sonata,8/25/14,2014,5800,1/26/15,2015,154,6800,52,1000,948
1047,2006,Toyota,Matrix,5/8/17,2017,3150,8/18/17,2017,102,4100,0,950,950
1102,2008,Subaru,Legacy,10/16/17,2017,3250,10/30/17,2017,14,4200,0,950,950
1692,2015,GMC,Acadia,6/14/22,2022,9150,6/28/22,2022,14,10100,0,950,950
1157,2012,Toyota,Tacoma,4/16/18,2018,18650,9/12/19,2019,514,19800,192,1150,958
1469,2012,Honda,CRV,12/21/20,2020,6050,3/23/21,2021,92,7500,488,1450,962
1466,2015,Ford,F-150,11/30/20,2020,16150,3/19/21,2021,109,18200,1088,2050,962
981,2012,Volkswagen,EOS,10/7/16,2016,14000,4/27/17,2017,202,15000,36,1000,964
881,2009,Subaru,Impreza,11/9/15,2015,5650,2/22/16,2016,105,6995,381,1345,964
1169,2011,Lexus,CT 200h,5/14/18,2018,12500,7/9/18,2018,56,13500,35,1000,965
756,2006,Subaru,Forester,12/15/14,2014,3650,3/7/15,2015,82,4800,185,1150,965
973,2007,Toyota,Prius,8/8/16,2016,2950,12/27/16,2016,141,4100,180,1150,970
1250,2007,GMC,Yukon,3/1/19,2019,7995,3/15/19,2019,14,8995,20,1000,980
1511,2016,Subaru,Outback,4/20/21,2021,13750,5/18/21,2021,28,14900,169,1150,981
1149,2008,Subaru,Impreza,4/2/18,2018,2150,5/17/18,2018,45,3995,858,1845,987
850,2012,Scion, iQ,8/17/15,2015,6750,5/25/16,2016,282,7800,55,1050,995
956,2015,Subaru,Forester,6/17/16,2016,17500,11/18/16,2016,154,18500,0,1000,1000
1120,2008,Subaru,Impreza,12/18/17,2017,1850,1/17/18,2018,30,2995,138,1145,1007
1560,2007,Toyota,Yaris,7/1/21,2021,700,12/20/21,2021,172,3800,2092,3100,1008
1616,2013,Chevrolet,Malibu,11/9/21,2021,8050,12/10/21,2021,31,9100,40,1050,1010
1629,2015,Chevrolet,Colorado,12/7/21,2021,15850,12/29/21,2021,22,16900,40,1050,1010
713,2009,Honda,Civic,8/25/14,2014,9550,4/24/15,2015,242,10800,234,1250,1016
891,2006,Subaru,Forester,12/14/15,2015,5350,4/13/16,2016,121,6995,629,1645,1016
857,2005,Toyota,Matrix,10/5/15,2015,2950,10/19/15,2015,14,3995,27,1045,1018
1526,2013,Hyundai,Sonata,5/10/21,2021,9850,8/5/21,2021,87,10900,20,1050,1030
1298,2009,Honda,Pilot,7/8/19,2019,5650,8/16/19,2019,39,7995,1315,2345,1030
845,2007,Subaru,Forester,8/3/15,2015,5250,10/10/15,2015,68,6750,464,1500,1036
1034,2013,Toyota,Matrix,3/27/17,2017,6750,7/14/17,2017,109,8300,514,1550,1036
777,2007,Nissan,Versa,3/9/15,2015,2750,10/27/15,2015,232,3995,208,1245,1037
757,2003,Subaru,Legacy,12/15/14,2014,2150,2/6/15,2015,53,3400,213,1250,1037
1023,2009,Toyota,Tacoma ,2/27/17,2017,14950,3/16/17,2017,17,15995,0,1045,1045
1085,2013,Subaru,Impreza,8/21/17,2017,5950,12/18/17,2017,119,6995,0,1045,1045
905,2007,Toyota,Prius,1/11/16,2016,2650,2/26/16,2016,46,3995,299,1345,1046
933,2010,Toyota,Prius,4/19/16,2016,8550,4/30/16,2016,11,9600,0,1050,1050
925,2013,Honda,Accord,3/21/16,2016,17450,5/18/16,2016,58,18500,0,1050,1050
1032,2012,Subaru,Impreza,3/20/17,2017,9450,4/15/17,2017,26,10500,0,1050,1050
1071,2007,Toyota,Rav 4,7/24/17,2017,4650,8/7/17,2017,14,5700,0,1050,1050
1254,2013,Ford,Fusion Hybrid,4/8/19,2019,8450,9/4/19,2019,149,9500,0,1050,1050
1651,2018,Subaru,Forester,1/4/22,2022,17850,1/28/22,2022,24,18900,0,1050,1050
877,2011,Honda,Insight,11/2/15,2015,6350,4/1/16,2016,151,7800,399,1450,1051
1455,2016,Ford,Fusion,10/26/20,2020,9250,11/20/20,2020,25,10700,395,1450,1055
832,2006,Chevrolet,Impala,6/27/15,2015,3500,7/22/15,2015,25,4995,439,1495,1056
1054,2010,Ford,F150,6/5/17,2017,8450,10/2/17,2017,119,10495,989,2045,1056
650,2006,Ford,Fusion,5/19/14,2014,6710,4/7/15,2015,323,8000,229,1290,1061
893,2005,Subaru,Forester,12/21/15,2015,3850,3/21/16,2016,91,4995,71,1145,1074
1223,2007,Subaru,Outback,11/28/18,2018,1600,8/23/19,2019,268,4200,1524,2600,1076
1188,2012,Chevrolet,Sonic,7/16/18,2018,3050,10/13/18,2018,89,4800,670,1750,1080
927,2014,Honda,Accord,4/4/16,2016,15750,6/23/16,2016,80,16850,10,1100,1090
1599,2008,Toyota,Rav4,9/28/21,2021,4750,6/10/22,2022,255,7200,1358,2450,1092
1362,2017,Subaru,Outback,12/30/19,2019,18050,3/13/20,2020,74,19300,156,1250,1094
963,2004,Pontiac,Vibe,6/23/16,2016,1500,9/29/16,2016,98,2595,0,1095,1095
1101,2002,Honda,Civic,10/10/17,2017,900,11/10/17,2017,31,1995,0,1095,1095
1097,2005,Toyota,Corolla,9/2/17,2017,1550,11/15/17,2017,74,3000,354,1450,1096
839,2012,Honda,Accord,7/20/15,2015,10850,10/2/15,2015,74,11995,47,1145,1098
1055,2005,Subaru,Impreza,6/12/17,2017,1450,8/16/17,2017,65,3350,800,1900,1100
907,1999,Subaru,Impreza,1/18/16,2016,750,3/19/16,2016,61,1995,144,1245,1101
1485,2014,Ford,Escape,2/23/21,2021,6250,1/28/22,2022,339,9299,1946,3049,1103
1070,2015,Subaru,Forester,7/17/17,2017,14995,7/21/17,2017,4,16100,0,1105,1105
791,2005,Ford,F150,4/13/15,2015,5015,6/20/15,2015,68,6500,376,1485,1109
1195,2011,Acura,TL,8/13/18,2018,8250,10/24/18,2018,72,10300,939,2050,1111
1184,2011,Kia,Soul,7/9/18,2018,4150,4/11/19,2019,276,5995,732,1845,1113
863,2008,Mercury,Sable,10/12/15,2015,3650,3/29/16,2016,169,4995,230,1345,1115
856,2004,Ford,F150,9/21/15,2015,1950,12/1/15,2015,71,3500,434,1550,1116
1168,2014,Subaru,Forester,5/7/18,2018,12150,10/31/18,2018,177,13995,726,1845,1119
967,2012,Ford,Escape,7/11/16,2016,6350,11/7/16,2016,119,8000,525,1650,1125
1303,2015,Kia,Forte,8/1/19,2019,7500,6/9/20,2020,313,8995,368,1495,1127
924,2007,Honda,Accord,3/16/16,2016,3850,4/6/16,2016,21,5000,20,1150,1130
1568,2016,Subaru,Forester,7/20/21,2021,14250,8/12/21,2021,23,15400,20,1150,1130
1335,2009,Toyota,Prius,7/10/19,2019,3050,1/28/20,2020,202,4800,620,1750,1130
1248,2009,Chevrolet,Silverado,3/4/19,2019,8150,9/17/19,2019,197,9700,412,1550,1138
759,2007,Toyota,Prius,1/5/15,2015,8850,2/17/15,2015,43,9995,5,1145,1140
663,1999,Honda,Accord,5/10/14,2014,1850,12/18/14,2014,222,2995,0,1145,1145
660,2007,Chevrolet,Cobalt Coupe,6/9/14,2014,3850,5/18/15,2015,343,4995,0,1145,1145
844,2008,Toyota,Prius,8/3/15,2015,3850,9/8/15,2015,36,4995,0,1145,1145
1073,2005,Toyota,Prius,7/24/17,2017,2850,9/6/17,2017,44,3995,0,1145,1145
1368,2017,Subaru,Outback,1/20/20,2020,17850,6/18/20,2020,150,18995,0,1145,1145
936,2009,Saab,3-Sep,4/25/16,2016,6150,5/11/16,2016,16,7495,199,1345,1146
1439,2014,Subaru,Forester,9/14/20,2020,10050,11/27/20,2020,74,11995,798,1945,1147
1282,2004,Subaru,Forester,5/17/19,2019,1660,8/8/19,2019,83,2995,186,1335,1149
1035,2010,Subaru,Forester,4/3/17,2017,9850,4/29/17,2017,26,11000,0,1150,1150
1064,2015,Subaru,Forester,7/10/17,2017,13650,8/16/17,2017,37,14800,0,1150,1150
1103,2007,Honda,CRV,10/23/17,2017,4450,11/7/17,2017,15,5600,0,1150,1150
1172,2013,Subaru,Impreza,6/4/18,2018,5250,7/10/18,2018,36,6600,198,1350,1152
698,2007,Dodge,Caliber,7/24/14,2014,2500,2/14/15,2015,205,3800,135,1300,1165
1285,2015,Toyota,Prius,6/10/19,2019,10650,2/19/20,2020,254,11995,180,1345,1165
1128,2010,Subaru,Outback,1/29/18,2018,8250,3/27/18,2018,57,9700,280,1450,1170
849,2010,Ford,Focus,8/17/15,2015,5250,10/9/15,2015,53,6800,380,1550,1170
1164,2012,Subaru,Impreza,5/7/18,2018,7150,5/31/18,2018,24,8700,380,1550,1170
1647,2012,Subaru,Forester,1/4/22,2022,5050,1/26/22,2022,22,6995,774,1945,1171
1095,2008,Subaru,Legacy,9/25/17,2017,1850,10/12/17,2017,17,4200,1177,2350,1173
955,2007,Subaru,Legacy,6/13/16,2016,2750,9/9/16,2016,88,3995,71,1245,1174
921,2009,Toyota,Yaris,2/29/16,2016,3450,6/14/16,2016,106,4995,371,1545,1174
1176,2006,Subaru,Forester,7/2/18,2018,1650,8/23/18,2018,52,3995,1168,2345,1177
1530,2016,Subaru,Impreza,5/18/21,2021,10450,8/31/21,2021,105,11900,271,1450,1179
792,2012,Ford,Focus,4/13/15,2015,9815,7/1/15,2015,79,10995,0,1180,1180
1327,2013,Subaru,Outback,9/30/19,2019,8250,10/24/19,2019,24,9500,61,1250,1189
1413,2017,Honda,Civic,7/15/20,2020,13905,5/5/21,2021,294,15900,805,1995,1190
952,2005,Jeep,Wrangler,6/3/16,2016,7500,12/29/16,2016,209,9500,808,2000,1192
1220,2010,Subaru,Outback,11/19/18,2018,3550,12/13/18,2018,24,4995,249,1445,1196
988,2010,Toyota,Prius,10/31/16,2016,5250,12/21/16,2016,51,6450,0,1200,1200
1253,2011,Chevrolet,Volt,4/1/19,2019,4050,8/9/19,2019,130,5995,744,1945,1201
1509,2007,Toyota,Prius,4/20/21,2021,2850,6/6/22,2022,412,6995,2944,4145,1201
1100,2014,Subaru,Forester,9/10/17,2017,16150,1/16/18,2018,128,17369.44,13,1219.44,1206.44
872,2010,Subaru,Outback,10/19/15,2015,9550,10/31/15,2015,12,10800,41,1250,1209
1643,2011,Subaru,Forester,1/4/22,2022,10550,2/2/22,2022,29,11995,233,1445,1212
1474,2015,Subaru,Forester,1/11/21,2021,8550,4/1/21,2021,80,10000,236,1450,1214
886,2012,Volkswagen,Jetta ,11/23/15,2015,8650,1/8/16,2016,46,9995,129,1345,1216
1072,2013,Buick,Encore,7/24/17,2017,11650,2/6/18,2018,197,12995,127,1345,1218
1221,2007,Toyota,Corolla,11/26/18,2018,1500,4/12/19,2019,137,2995,277,1495,1218
1041,2010,Toyota,Sienna,4/24/17,2017,5150,5/11/17,2017,17,6500,131,1350,1219
1197,2010,Chevrolet,Suburban 2500,8/13/18,2018,14050,5/2/19,2019,262,16995,1726,2945,1219
1649,2013,Mazda,Mazda,1/4/22,2022,6250,3/13/22,2022,68,7495,25,1245,1220
1150,2010,Toyota,Prius,4/2/18,2018,5450,5/12/18,2018,40,6700,30,1250,1220
1098,2016,Subaru,Forester,9/2/17,2017,17650,10/23/17,2017,51,18995,125,1345,1220
772,2006,Subaru,Impreza,3/2/15,2015,4550,3/27/15,2015,25,5995,223,1445,1222
1217,2010,Toyota,Prius,11/16/18,2018,9300,5/30/19,2019,195,10995,470,1695,1225
1272,2011,Subaru,Legacy,5/6/19,2019,3050,7/26/19,2019,81,4995,720,1945,1225
1665,2012,Toyota,Corolla,2/15/22,2022,7850,6/10/22,2022,115,9995,918,2145,1227
328,2003,Toyota,Camry,1/31/12,2012,6130,4/17/12,2012,77,7400,41,1270,1229
892,2005,Honda,Accord,12/14/15,2015,2750,4/14/16,2016,122,3995,12,1245,1233
1419,2012,Toyota,Venza,7/27/20,2020,6850,8/15/20,2020,19,8995,909,2145,1236
1170,2006,Honda,CR-V,5/3/18,2018,1700,5/26/18,2018,23,3500,562,1800,1238
1092,2015,Subaru,Impreza,9/18/17,2017,9450,12/14/17,2017,87,10700,0,1250,1250
1523,2018,Chevrolet,Silverado,5/4/21,2021,31150,5/11/21,2021,7,32400,0,1250,1250
1227,2007,Pontiac,Vibe,12/31/18,2018,1250,2/12/19,2019,43,2995,491,1745,1254
1578,2012,Chevrolet,Volt,8/10/21,2021,5150,11/18/21,2021,100,6996,592,1846,1254
1479,2012,Ford,Fusion,1/25/21,2021,5050,5/4/21,2021,99,6900,595,1850,1255
1238,2013,Honda,Civic,1/28/19,2019,7450,4/1/19,2019,63,9000,292,1550,1258
1399,2011,Toyota,Prius,6/8/20,2020,4850,6/22/20,2020,14,6495,387,1645,1258
1199,2014,Subaru,Outback,8/20/18,2018,11250,1/16/19,2019,149,12800,285,1550,1265
1441,2014,Subaru,Forester,9/21/20,2020,5550,11/6/20,2020,46,6995,178,1445,1267
1134,2006,Toyota,Highlander,2/12/18,2018,4650,8/22/18,2018,191,6500,579,1850,1271
1521,2015,Mitsubishi,Mirage,5/4/21,2021,3650,12/16/21,2021,226,5600,673,1950,1277
1306,2011,Subaru,Outback,8/12/19,2019,4650,8/21/19,2019,9,6000,72,1350,1278
1212,2011,Lincoln,Navigator,10/15/18,2018,7650,11/20/19,2019,401,9700,772,2050,1278
1269,2014,Ford,E250,5/2/19,2019,14000,9/27/19,2019,148,15400,114,1400,1286
724,2003,Subaru,Forester,9/29/14,2014,2490,3/16/15,2015,168,4995,1217,2505,1288
1094,2012,Honda,Accord,9/21/17,2017,6700,10/27/17,2017,36,7995,0,1295,1295
1024,2008,Saab,3-Sep,2/20/17,2017,3850,4/28/17,2017,67,5150,0,1300,1300
1228,2007,Honda,Civic,1/7/19,2019,2550,1/18/19,2019,11,3995,144,1445,1301
1005,2011,Ford,Escape,12/19/16,2016,9150,3/10/17,2017,81,10500,41,1350,1309
1645,2011,Toyota,Prius,1/4/22,2022,6850,2/8/22,2022,35,8800,640,1950,1310
1666,2013,Ford,F-150,2/15/22,2022,11850,6/21/22,2022,126,13195,32,1345,1313
950,2010,Subaru,Forester,5/23/16,2016,6850,8/17/16,2016,86,8200,37,1350,1313
1247,2010,Ford,F-150,2/25/19,2019,6050,6/1/19,2019,96,7995,631,1945,1314
1153,2016,Subaru,Impreza Wagon,4/2/18,2018,16650,10/3/18,2018,184,17995,30,1345,1315
1535,2013,Ford,Explorer,5/25/21,2021,12850,7/16/21,2021,52,16995,2830,4145,1315
603,2003,Subaru,Outback,12/2/13,2013,2175,1/4/16,2016,763,3500,5,1325,1320
1119,2015,Subaru,WRX,12/4/17,2017,14450,4/25/18,2018,142,16000,227,1550,1323
1454,2016,Subaru,Legacy,10/26/20,2020,6050,12/8/20,2020,43,7995,621,1945,1324
1135,2012,Subaru,Impreza,2/26/18,2018,5650,5/11/18,2018,74,6995,20,1345,1325
1376,2019,Subaru,Outback,2/10/20,2020,21650,6/17/20,2020,128,22995,20,1345,1325
1294,2013,Toyota,Camry,6/24/19,2019,10251,8/3/19,2019,40,11995,415,1744,1329
745,2003,Chevrolet,Tracker,11/7/14,2014,2470,5/5/15,2015,179,3800,0,1330,1330
1242,2010,Toyota,Venza,2/4/19,2019,6350,3/6/19,2019,30,7700,20,1350,1330
865,2010,Subaru,Outback,10/12/15,2015,9650,4/28/16,2016,199,11495,509,1845,1336
995,2007,Jeep,Grand Cherokee,11/28/16,2016,5650,5/8/17,2017,161,6995,0,1345,1345
1039,2012,Subaru,Impreza,4/17/17,2017,7150,6/27/17,2017,71,8495,0,1345,1345
806,2005,Ford,F150,5/18/15,2015,7350,6/19/15,2015,32,8700,0,1350,1350
960,2009,Toyota,Corolla,6/27/16,2016,4950,9/2/16,2016,67,6300,0,1350,1350
999,2014,Ford,Fusion,12/12/16,2016,9150,3/1/17,2017,79,10500,0,1350,1350
1655,2015,Jeep,Grand Cherokee,1/25/22,2022,15450,2/11/22,2022,17,16800,0,1350,1350
932,2008,Honda,Civic,4/18/16,2016,3250,7/22/16,2016,95,4750,147,1500,1353
1366,2018,Toyota,Prius,1/13/20,2020,18050,5/29/20,2020,137,19495,80,1445,1365
1020,2012,Toyota,RAV4,1/30/17,2017,8350,4/10/17,2017,70,9995,278,1645,1367
1259,2014,Ford,Transit Connect,4/15/19,2019,6250,7/2/19,2019,78,7995,365,1745,1380
1411,2017,Subaru,Forester,7/14/20,2020,12550,4/16/21,2021,276,14650,720,2100,1380
1321,2011,Chevrolet,Tahoe,9/23/19,2019,9350,8/11/20,2020,323,10995,263,1645,1382
1245,2010,Toyota,Prius,2/11/19,2019,5050,7/5/19,2019,144,7000,567,1950,1383
675,2004,Subaru,Impreza,6/30/14,2014,3850,7/10/15,2015,375,5995,753,2145,1392
442,2006,Subaru,Forester,10/22/12,2012,7600,9/9/14,2014,687,8995,0,1395,1395
1133,2011,Subaru,Legacy,2/12/18,2018,3550,5/14/18,2018,91,4995,49,1445,1396
699,2005,Dodge,Grand Caravan,7/28/14,2014,3100,11/8/14,2014,103,4500,0,1400,1400
1076,2011,Honda,Accord,7/31/17,2017,5450,10/6/17,2017,67,6850,0,1400,1400
752,2007,Toyota,Tundra,11/24/14,2014,13850,2/15/15,2015,83,15300,40,1450,1410
1137,2010,Ford,Fusion,3/5/18,2018,2950,3/23/18,2018,18,4800,439,1850,1411
1407,2014,Subaru,Crosstrek XV,6/29/20,2020,7950,9/11/20,2020,74,9995,628,2045,1417
858,2008,Toyota,Prius,10/5/15,2015,3550,10/15/15,2015,10,4995,27,1445,1418
1384,2019,Subaru,Legacy,3/2/20,2020,16250,5/14/20,2020,73,17700,20,1450,1430
847,2006,Chevrolet,Cobalt,8/12/15,2015,1200,2/20/16,2016,192,2995,362,1795,1433
1546,2010,Subaru,Legacy,6/21/21,2021,3050,10/6/21,2021,107,5995,1507,2945,1438
1280,2010,Ford,EC3,5/30/19,2019,10000,8/24/19,2019,86,11500,59,1500,1441
789,2007,Subaru,Forester,4/13/15,2015,6315,5/27/15,2015,44,7995,238,1680,1442
780,2005,Ford,F150,3/9/15,2015,3850,4/11/15,2015,33,5995,700,2145,1445
1219,2009,Subaru,Forester,11/19/18,2018,3150,3/13/19,2019,114,5995,1398,2845,1447
824,2007,Subaru,B9 Tribeca,6/22/15,2015,6050,11/16/15,2015,147,7500,0,1450,1450
1222,2011,Ford,Edge,11/26/18,2018,4450,11/30/18,2018,4,5900,0,1450,1450
851,2012,Ford,Fiesta,8/17/15,2015,6450,12/23/15,2015,128,7995,95,1545,1450
828,2003,Subaru,Baja,6/22/15,2015,4450,1/11/16,2016,203,5995,73,1545,1472
1536,2015,Subaru,Legacy,5/25/21,2021,12050,7/21/21,2021,57,14100,575,2050,1475
805,2009,Toyota,Corolla,5/11/15,2015,5450,7/29/15,2015,79,6995,61,1545,1484
1288,2010,Ford,F-150,6/17/19,2019,9450,8/1/19,2019,45,11995,1056,2545,1489
1609,2012,Subaru,Outback,11/2/21,2021,3850,12/16/21,2021,44,5500,160,1650,1490
1202,2012,Fiat,500,9/12/18,2018,5000,1/15/19,2019,125,6600,107,1600,1493
536,2004,Subaru,Outback,7/15/13,2013,3000,9/29/14,2014,441,4495,0,1495,1495
918,2012,Honda,Fit,2/9/16,2016,8850,3/2/16,2016,22,10350,0,1500,1500
1009,2013,Honda,CR-V,1/2/17,2017,11500,1/30/17,2017,28,13000,0,1500,1500
1593,2008,Toyota,Rav-4,9/20/21,2021,5050,11/22/21,2021,63,7995,1440,2945,1505
1226,2003,BMW,325ci,12/18/18,2018,1450,4/11/19,2019,114,2995,36,1545,1509
1392,2014,Subaru,Forester,5/11/20,2020,7350,6/1/20,2020,21,8995,132,1645,1513
1601,2012,Subaru,Forester,10/12/21,2021,6050,12/3/21,2021,52,7600,36,1550,1514
902,2006,Subaru,Forester,1/4/16,2016,3150,4/26/16,2016,113,4800,136,1650,1514
793,2004,Ford,F150,4/13/15,2015,4315,5/18/15,2015,35,5995,166,1680,1514
1525,2012,Hyundai,Elantra,5/10/21,2021,7050,8/27/21,2021,109,8900,335,1850,1515
1471,2014,Subaru,Forester,1/4/21,2021,5850,1/21/21,2021,17,7750,377,1900,1523
1129,2006,Jeep,Commander,1/22/18,2018,2850,3/24/18,2018,61,4700,326,1850,1524
1480,2013,Toyota,Sienna,2/1/21,2021,7250,5/8/21,2021,96,11995,3218,4745,1527
1001,2013,Volkswagen,Golf,12/19/16,2016,10050,8/17/17,2017,241,11750,172,1700,1528
1443,2015,Honda,Accord,9/21/20,2020,11650,2/3/21,2021,135,13200,20,1550,1530
1131,2013,Ford,Fusion,2/22/18,2018,10250,4/24/18,2018,61,11800,11,1550,1539
1437,2013,Toyota,F.J. Cruiser,9/14/20,2020,21250,1/8/21,2021,116,23000,211,1750,1539
1090,2013,Subaru,Impreza,9/11/17,2017,8450,10/10/17,2017,29,9995,0,1545,1545
965,2014,Ford,Explorer,7/11/16,2016,15750,8/30/16,2016,50,17300,0,1550,1550
974,2010,Subaru,Outback,9/19/16,2016,6450,10/21/16,2016,32,8000,0,1550,1550
975,2012,Subaru,Legacy 3.6R ,9/19/16,2016,10450,11/9/16,2016,51,12000,0,1550,1550
1062,2005,Jeep,Liberty,7/10/17,2017,3450,7/26/17,2017,16,5000,0,1550,1550
1529,2014,Subaru,Forester,5/18/21,2021,10050,5/27/21,2021,9,11600,0,1550,1550
1514,2016,Subaru,Outback,4/27/21,2021,15250,5/27/21,2021,30,16800,0,1550,1550
1312,2011,Toyota,Sienna,8/26/19,2019,8850,2/21/20,2020,179,10700,291,1850,1559
1342,2015,Nissan,Murano,10/11/19,2019,15000,6/16/20,2020,249,16995,431,1995,1564
1132,2014,Subaru,Forester,2/12/18,2018,11250,2/16/18,2018,4,12818,0,1568,1568
949,2009,Ford,F-150 ,5/20/16,2016,15680,6/17/16,2016,28,17495,244,1815,1571
1505,2010,Toyota,Rav-4,4/13/21,2021,6850,4/28/21,2021,15,8995,570,2145,1575
1575,2015,Subaru,Forester,8/3/21,2021,7550,11/9/21,2021,98,9995,868,2445,1577
1012,2012,Subaru,Impreza,1/16/17,2017,9950,3/1/17,2017,44,11700,172,1750,1578
1500,2013,Ford,F-150,4/6/21,2021,8250,8/13/21,2021,129,9995,161,1745,1584
1339,2012,Honda,Pilot,10/14/19,2019,6850,12/17/19,2019,64,8800,364,1950,1586
726,2004,Subaru,Legacy,9/29/14,2014,1650,2/23/15,2015,147,3650,405,2000,1595
1374,2015,Ford,F-150,2/10/20,2020,10450,2/22/20,2020,12,12750,705,2300,1595
1365,2017,Subaru,Forester,1/13/20,2020,16250,8/20/20,2020,220,17995,149,1745,1596
1528,2009,Honda,Civic,5/1/21,2021,3000,12/1/21,2021,214,4995,397,1995,1598
619,2005,Subaru,Impreza,2/3/14,2014,7900,12/24/14,2014,324,9500,0,1600,1600
1371,2016,Ford,Fusion,1/27/20,2020,5050,5/18/20,2020,112,7300,650,2250,1600
1296,2007,Toyota,4 Runner,7/8/19,2019,7450,11/11/19,2019,126,9995,945,2545,1600
1110,2008,Ford,Expedition,10/30/17,2017,5450,12/13/17,2017,44,7300,235,1850,1615
818,2012,Buick,Verano,6/15/15,2015,13550,11/16/15,2015,154,15200,30,1650,1620
1142,2010,Lexus,RX 450H,3/19/18,2018,9250,10/10/18,2018,205,10995,121,1745,1624
1007,2011,Ford,F150 XL Supercrew,1/2/17,2017,2750,3/16/18,2018,438,6495,2121,3745,1624
1361,2014,Ford,Expedition,12/30/19,2019,12850,1/7/20,2020,8,14495,20,1645,1625
1390,1988,Chevrolet,C-70,5/4/20,2020,6850,5/26/20,2020,22,8500,25,1650,1625
1467,2009,Toyota,Camry,12/7/20,2020,4050,2/23/21,2021,78,5700,25,1650,1625
879,2010,Toyota,Matrix,11/9/15,2015,4150,12/19/15,2015,40,6000,220,1850,1630
1224,2012,Toyota,Rav 4,12/3/18,2018,7650,10/21/19,2019,322,9995,709,2345,1636
721,2005,Toyota,4Runner,9/22/14,2014,6100,6/6/15,2015,257,8500,764,2400,1636
829,2005,Subaru,Baja,6/29/15,2015,6470,10/16/15,2015,109,9995,1886,3525,1639
984,2011,Toyota,Corolla,10/17/16,2016,6150,1/6/17,2017,81,7800,10,1650,1640
1045,2011,Subaru,Legacy,5/8/17,2017,5350,9/14/17,2017,129,6995,0,1645,1645
1329,2014,Subaru,Crosstrek,9/30/19,2019,9350,10/11/19,2019,11,10995,0,1645,1645
1573,2013,Subaru,Legacy,8/3/21,2021,5650,6/17/22,2022,318,7495,198,1845,1647
1422,2015,Subaru,Forester,8/10/20,2020,12450,10/5/20,2020,56,14995,897,2545,1648
1043,2011,Subaru,Forester,5/1/17,2017,11350,5/8/17,2017,7,13000,0,1650,1650
1044,2014,Subaru,Impreza,5/1/17,2017,9050,6/16/17,2017,46,10700,0,1650,1650
1053,2012,Subaru,Forester,5/15/17,2017,9650,8/30/17,2017,107,11300,0,1650,1650
1069,2015,Subaru,Forester,7/17/17,2017,11650,2/16/18,2018,214,13300,0,1650,1650
1646,2012,Ford,Edge,1/4/22,2022,10750,4/13/22,2022,99,12400,0,1650,1650
1676,2015,Subaru,Outback,3/15/22,2022,14250,6/8/22,2022,85,15900,0,1650,1650
1428,2017,Subaru,Outback,8/17/20,2020,17650,12/3/20,2020,108,19700,398,2050,1652
1402,2010,Honda,Civic,6/15/20,2020,3650,8/8/20,2020,54,5700,396,2050,1654
1249,2012,Subaru,Legacy,3/11/19,2019,6150,11/30/19,2019,264,7995,184,1845,1661
1323,2012,Subaru,Forester,9/23/19,2019,5650,11/26/19,2019,64,7495,182,1845,1663
1513,2013,Chevrolet,Silverado,4/27/21,2021,14050,7/23/21,2021,87,16000,276,1950,1674
666,2013,Ford,Edge,6/9/14,2014,21200,9/5/14,2014,88,22875,0,1675,1675
917,2009,Subaru,Forester,1/25/16,2016,7750,5/28/16,2016,124,9995,566,2245,1679
742,2007,Toyota,Camry,10/27/14,2014,4950,4/13/15,2015,168,6995,365,2045,1680
1389,1979,Chevrolet,Corvette,4/27/20,2020,6650,8/10/20,2020,105,8995,665,2345,1680
1006,2013,Toyota,Rav4,12/19/16,2016,13710,6/8/17,2017,171,15500,103,1790,1687
1468,2011,Toyota,Rav 4,12/7/20,2020,4150,1/6/21,2021,30,6000,156,1850,1694
692,2009,Subaru,Forester,7/14/14,2014,8800,7/30/14,2014,16,10495,0,1695,1695
685,2007,Chevrolet,Impala,7/14/14,2014,3300,10/10/14,2014,88,4995,0,1695,1695
1459,2009,Honda,Accord,11/2/20,2020,5450,4/30/21,2021,179,7995,846,2545,1699
978,2007,Honda,Civic,9/23/16,2016,3300,10/31/16,2016,38,5000,0,1700,1700
1046,2014,Subaru,Outback,5/8/17,2017,14150,6/19/17,2017,42,15854,0,1704,1704
1331,2016,Chevrolet,Camaro,9/30/19,2019,13950,4/17/20,2020,200,15700,30,1750,1720
1276,2008,Chevrolet,Suburban,5/20/19,2019,6000,6/27/19,2019,38,7900,178,1900,1722
729,2011,Buick,Lacrosse,10/3/14,2014,13900,10/28/14,2014,25,15625,0,1725,1725
1486,2014,Subaru,Crosstrek,2/23/21,2021,4950,4/14/21,2021,50,8995,2316,4045,1729
736,2004,Subaru,Forester,10/20/14,2014,2450,4/7/15,2015,169,6000,1818,3550,1732
1178,2016,Subaru,Forester,7/2/18,2018,14150,7/3/19,2019,366,15995,109,1845,1736
788,2004,Pontiac,Grand Am,4/13/15,2015,1100,5/27/16,2016,410,3000,156,1900,1744
760,2011,Subaru,Outback,1/5/15,2015,8250,4/21/15,2015,106,9995,0,1745,1745
990,2008,Volvo,XC70,11/14/16,2016,7250,11/29/16,2016,15,8995,0,1745,1745
1042,2010,Subaru,Legacy,5/1/17,2017,3250,7/12/17,2017,72,4995,0,1745,1745
1113,2005,Honda,CR-V,11/6/17,2017,3250,11/20/17,2017,14,4995,0,1745,1745
734,2003,Pontiac,Vibe,10/9/14,2014,3200,1/24/15,2015,107,4995,46,1795,1749
901,2006,Honda,Crv,1/4/16,2016,3250,1/16/16,2016,12,5000,0,1750,1750
1056,2007,Toyota,Rav4,6/12/17,2017,5050,7/21/17,2017,39,6800,0,1750,1750
1522,2016,Subaru,Outback,5/4/21,2021,13250,5/19/21,2021,15,15000,0,1750,1750
1628,2009,Honda,CRV,12/7/21,2021,5550,2/7/22,2022,62,7300,0,1750,1750
1634,2016,Jeep,Renegade,12/14/21,2021,12850,5/20/22,2022,157,16495,1894,3645,1751
1233,2016,Subaru,Forester,1/14/19,2019,13450,5/16/19,2019,122,15300,96,1850,1754
1440,2012,Toyota,Scion,9/17/20,2020,5390,1/29/21,2021,134,7700,556,2310,1754
1138,2010,Ford,F 150,3/5/18,2018,11650,5/15/18,2018,71,13995,591,2345,1754
1354,2013,Ford,F-150,11/25/19,2019,6950,3/24/20,2020,120,9995,1288,3045,1757
1214,2008,Honda,Ridgeline,10/24/18,2018,6200,11/28/18,2018,35,7995,33,1795,1762
1524,2010,Subaru,Legacy,5/10/21,2021,2650,6/17/21,2021,38,4800,388,2150,1762
1082,2013,Subaru,Outback,8/7/17,2017,14850,10/20/17,2017,74,16995,373,2145,1772
727,2012,Subaru,Impreza,10/6/14,2014,12200,10/25/14,2014,19,13995,0,1795,1795
1326,2007,Toyota,Tacoma,9/30/19,2019,9650,12/19/19,2019,80,11500,53,1850,1797
1325,2016,Subaru,Impreza,9/23/19,2019,11850,7/22/20,2020,303,13995,336,2145,1809
1340,2012,Ford,Explorer,10/14/19,2019,9250,1/31/20,2020,109,11500,434,2250,1816
1017,2010,Subaru,Forester,1/23/17,2017,6150,2/9/17,2017,17,7995,28,1845,1817
1584,2015,Nissan,Frontier,8/24/21,2021,18550,8/31/21,2021,7,20400,27,1850,1823
1388,2018,Hyundai,Santa Fe,4/20/20,2020,12150,6/26/20,2020,67,13995,20,1845,1825
1445,2011,Subaru,Forester,9/28/20,2020,6250,6/8/21,2021,253,8995,919,2745,1826
1583,2015,Jeep,Cherokee,8/24/21,2021,11050,8/31/21,2021,7,12900,20,1850,1830
1453,2020,Subaru,Outback,10/19/20,2020,31450,3/19/21,2021,151,33290,0,1840,1840
1237,2005,Toyota,Tundra,1/28/19,2019,7050,4/9/19,2019,71,9600,708,2550,1842
509,2001,Subaru,Forester,4/27/13,2013,3150,12/18/14,2014,600,4995,0,1845,1845
802,2002,Subaru,Outback,5/4/15,2015,1150,6/3/15,2015,30,2995,0,1845,1845
980,2008,Honda,CRV,9/26/16,2016,6150,11/12/16,2016,47,7995,0,1845,1845
1016,2007,Honda,Civic,1/23/17,2017,3150,7/28/17,2017,186,4995,0,1845,1845
1077,2014,Subaru,Impreza,7/31/17,2017,11150,8/30/17,2017,30,12995,0,1845,1845
1116,2011,Subaru,Outback,11/13/17,2017,5150,12/12/17,2017,29,6995,0,1845,1845
708,2008,Subaru,Impreza,8/18/14,2014,6850,12/3/14,2014,107,8700,0,1850,1850
1104,2009,Toyota,Tacoma,10/23/17,2017,9650,11/10/17,2017,18,11500,0,1850,1850
1394,2016,Subaru,Forester,5/18/20,2020,8450,7/31/20,2020,74,10300,0,1850,1850
1515,2017,Ford,Fusion,4/27/21,2021,8050,5/5/21,2021,8,9900,0,1850,1850
1531,2016,Kia,Forte,5/18/21,2021,11150,6/3/21,2021,16,13000,0,1850,1850
1684,2015,Ford,F-150,5/10/22,2022,25550,6/8/22,2022,29,27400,0,1850,1850
1516,2020,Subaru,Legacy,4/27/21,2021,23650,5/19/21,2021,22,25900,400,2250,1850
1230,2014,Chevrolet,Volt,1/7/19,2019,8550,5/11/19,2019,124,10995,595,2445,1850
1252,2012,Ford,F 550,3/25/19,2019,23850,5/2/19,2019,38,25995,283,2145,1862
1322,2012,Subaru,Impreza,9/23/19,2019,6450,10/15/19,2019,22,8700,375,2250,1875
737,2008,Subaru,Impreza,10/20/14,2014,7750,12/8/14,2014,49,9800,172,2050,1878
1478,2017,Subaru,Forester,1/19/21,2021,9550,3/16/21,2021,56,11429,0,1879,1879
1364,2013,Ford,F-150,1/13/20,2020,10450,2/24/20,2020,42,12350,20,1900,1880
1185,2012,Subaru,Impreza,7/9/18,2018,3850,8/6/18,2018,28,6000,265,2150,1885
915,2011,Subaru,Outback,1/25/16,2016,12050,3/16/16,2016,51,13995,57,1945,1888
1379,2011,Subaru,Legacy,2/24/20,2020,4950,4/15/20,2020,51,6875,32,1925,1893
710,2010,Subaru,Forester,8/18/14,2014,9100,3/28/15,2015,222,10995,0,1895,1895
1385,2015,Subaru,Forester,3/16/20,2020,12650,6/9/20,2020,85,14995,446,2345,1899
741,2003,Honda,Civic,10/25/14,2014,2700,4/15/15,2015,172,4600,0,1900,1900
1492,2016,Chevrolet,Camaro,3/13/21,2021,30000,3/16/21,2021,3,31900,0,1900,1900
1615,2010,Honda,Accord,11/9/21,2021,5250,2/2/22,2022,85,7995,844,2745,1901
1159,2011,Ford,F150,4/20/18,2018,16050,6/15/18,2018,56,17995,38,1945,1907
1632,2010,Ford,Fusion,12/14/21,2021,4050,3/31/22,2022,107,6995,1037,2945,1908
1610,2012,Subaru,Impreza,11/2/21,2021,6050,12/4/21,2021,32,7995,30,1945,1915
1008,2004,Cadillac,Deville,1/2/17,2017,1550,4/5/17,2017,93,3500,32,1950,1918
1290,2016,Subaru,Forester,6/17/19,2019,14050,7/5/19,2019,18,15995,25,1945,1920
1309,2010,Subaru,Outback,8/19/19,2019,3050,11/13/19,2019,86,4995,25,1945,1920
1550,2015,Ford,Expedition,6/21/21,2021,11050,7/10/21,2021,19,12995,24,1945,1921
1130,2015,Subaru,Legacy,1/22/18,2018,10450,11/26/18,2018,308,12800,419,2350,1931
1427,2015,Subaru,Legacy,8/17/20,2020,9250,4/23/21,2021,249,11995,813,2745,1932
1495,2015,Subaru,Forester,3/30/21,2021,7350,6/19/21,2021,81,9700,412,2350,1938
1448,2011,Toyota,Camry,10/5/20,2020,5450,5/22/21,2021,229,7995,604,2545,1941
1010,2009,Subaru,Forester,1/2/17,2017,5850,1/30/17,2017,28,7800,0,1950,1950
1058,2013,Toyota,Rav4,6/12/17,2017,11550,7/12/17,2017,30,13500,0,1950,1950
1553,2017,Subaru,WRX,6/21/21,2021,25550,7/21/21,2021,30,27500,0,1950,1950
1652,2015,Jeep,Grand Cherokee,1/18/21,2021,15850,2/11/22,2022,389,17900,92,2050,1958
1545,2004,Toyota,Avalon,6/21/21,2021,1250,3/28/22,2022,280,3995,751,2745,1994
704,2005,Subaru,Legacy,8/4/14,2014,5000,9/30/14,2014,57,6995,0,1995,1995
1301,2013,Toyota,Prius,6/19/19,2019,7000,7/30/19,2019,41,8995,0,1995,1995
969,2010,Ford,F-450 ,7/18/16,2016,20500,10/6/16,2016,80,22500,0,2000,2000
1549,2014,Subaru,Forester,6/21/21,2021,5850,7/9/21,2021,18,7995,141,2145,2004
1123,2014,Subaru,Legacy,12/27/17,2017,10450,2/27/18,2018,62,12495,38,2045,2007
1442,2014,Toyota,Rav4,9/21/20,2020,12850,4/27/21,2021,218,14995,134,2145,2011
722,2008,Subaru,Legacy Sedan,9/24/14,2014,9980,11/28/14,2014,65,11995,0,2015,2015
1189,2012,Subaru,Outback,7/16/18,2018,8950,7/21/18,2018,5,10995,24,2045,2021
1241,2010,Toyota,Sienna,2/4/19,2019,3450,3/15/19,2019,39,5500,29,2050,2021
1319,2013,Toyota,Tacoma,9/16/19,2019,7950,5/20/20,2020,247,9995,22,2045,2023
1375,2017,Subaru,Outback,2/10/20,2020,18250,8/7/20,2020,179,20780,505,2530,2025
1498,2005,Dodge,Ram 1500,4/1/21,2021,7000,5/15/21,2021,44,9995,968,2995,2027
1143,2012,Jeep,Liberty,3/19/18,2018,2950,3/24/18,2018,5,4995,12,2045,2033
883,2008,Subaru,Impreza,11/16/15,2015,5650,2/26/16,2016,102,7800,110,2150,2040
1353,2012,Subaru,Legacy,11/25/19,2019,3650,12/23/19,2019,28,5995,298,2345,2047
1614,2004,Ford,Expedition,11/9/21,2021,2750,12/11/21,2021,32,4995,177,2245,2068
1391,2012,MINI Cooper,Countryman,5/11/20,2020,5650,6/26/20,2020,46,7995,273,2345,2072
958,2003,Jeep,Liberty,6/17/16,2016,1500,6/27/16,2016,10,3695,122,2195,2073
1403,2017,Toyota,Camry,6/17/20,2020,12000,4/29/21,2021,316,14300,226,2300,2074
312,2011,Toyota,Camry,11/29/11,2011,16815,12/1/11,2011,2,18900,10,2085,2075
1265,2009,Toyota,Sienna,4/22/19,2019,5350,8/23/19,2019,123,7995,570,2645,2075
1263,2007,Toyota,Highlander,4/22/19,2019,5350,6/11/19,2019,50,7495,69,2145,2076
716,2002,Subaru,Legacy GT,9/8/14,2014,2850,4/23/15,2015,227,4995,61,2145,2084
1136,2018,Toyota,Tundra,3/2/18,2018,30530,11/27/18,2018,270,32995,376,2465,2089
1576,2007,Toyota,Prius,8/10/21,2021,2450,3/4/22,2022,206,5800,1259,3350,2091
1487,2016,Subaru,Impreza,2/23/21,2021,7550,5/27/21,2021,93,10900,1247,3350,2103
1274,2015,Subaru,Outback,5/13/19,2019,16050,11/7/19,2019,178,18200,45,2150,2105
1256,2014,Toyota,Tundra,4/8/19,2019,17850,5/22/19,2019,44,19995,30,2145,2115
1352,2011,Subaru,Outback,11/25/19,2019,4850,2/1/20,2020,68,6995,30,2145,2115
834,2004,Subaru,Baja,7/6/15,2015,5150,4/27/16,2016,296,8700,1431,3550,2119
732,2003,Subaru,Forester,10/8/14,2014,4875,12/30/14,2014,83,6995,0,2120,2120
1348,2015,Ford,Expedition,10/28/19,2019,12650,11/6/19,2019,9,14800,30,2150,2120
1078,2014,Subaru,Outback,7/31/17,2017,12350,12/6/17,2017,128,14995,525,2645,2120
1084,2011,Subaru,Outback,8/21/17,2017,7850,9/16/17,2017,26,9995,20,2145,2125
985,2009,Ford,F-150,10/24/16,2016,7450,3/10/17,2017,137,9995,416,2545,2129
1414,2010,Subaru,Forester,7/20/20,2020,4850,2/4/21,2021,199,7995,1012,3145,2133
815,2005,Subaru,Impreza,6/15/15,2015,900,9/23/15,2015,100,3995,957,3095,2138
690,2001,Ford,F150,7/14/14,2014,1850,9/9/14,2014,57,3995,0,2145,2145
689,2007,Toyota,Highlander,7/14/14,2014,7850,9/22/14,2014,70,9995,0,2145,2145
684,2006,Mercury,Montego,7/14/14,2014,2850,9/24/14,2014,72,4995,0,2145,2145
717,2008,Ford,F150,9/8/14,2014,4850,10/9/14,2014,31,6995,0,2145,2145
979,2012,Subaru,Legacy,9/26/16,2016,6850,11/11/16,2016,46,8995,0,2145,2145
1177,2014,Subaru,Forester,7/2/18,2018,11850,12/18/18,2018,169,13995,0,2145,2145
1004,2010,Ford,F150,12/19/16,2016,9200,8/17/17,2017,241,12495,1150,3295,2145
1567,2012,Buick,Regal,7/20/21,2021,7050,10/13/21,2021,85,9995,799,2945,2146
1050,2013,Ford,C-Max Hybrid,5/15/17,2017,7650,7/25/17,2017,71,9800,0,2150,2150
1434,2015,Subaru,Forester,8/31/20,2020,12650,11/7/20,2020,68,14995,193,2345,2152
1404,2010,Subaru,Forester,6/29/20,2020,1500,7/20/20,2020,21,4995,1327,3495,2168
1381,2012,Chevrolet,Silverado,2/24/20,2020,13250,4/3/20,2020,39,15495,76,2245,2169
1532,2017,Subaru,Forester,5/18/21,2021,16550,7/16/21,2021,59,18995,263,2445,2182
1357,2016,Subaru,Forester,12/9/19,2019,12150,1/18/21,2021,406,14500,166,2350,2184
687,2004,Toyota,Camry,7/14/14,2014,3800,9/8/14,2014,56,5995,0,2195,2195
1602,2014,Chrysler,Town & Country,10/9/21,2021,7500,11/23/21,2021,45,9995,300,2495,2195
1198,2007,Subaru,Outback,7/30/18,2018,1250,8/20/18,2018,21,3500,42,2250,2208
1408,2015,Subaru,Forester,6/26/20,2020,12650,7/25/20,2020,29,14995,125,2345,2220
1683,2012,Subaru,Forester,5/10/22,2022,8750,6/11/22,2022,32,10995,0,2245,2245
1099,2012,Toyota,Camry,9/10/17,2017,7250,12/1/17,2017,82,9500,0,2250,2250
1037,2010,Subaru,Forester,4/10/17,2017,6350,9/6/17,2017,149,8995,385,2645,2260
1065,2003,Ford,F-150 Supercab XLT,7/17/17,2017,850,10/24/17,2017,99,3700,555,2850,2295
946,2007,Ford,F-150,5/16/16,2016,8650,5/25/16,2016,9,10995,28,2345,2317
1605,2015,Hyundai,Sonata,10/19/21,2021,9250,12/1/21,2021,43,11600,33,2350,2317
1585,2014,Subaru,Legacy,8/31/21,2021,9250,10/15/21,2021,45,11700,124,2450,2326
1166,2010,Toyota,Rav 4,5/7/18,2018,6650,6/1/18,2018,25,8995,16,2345,2329
1415,2014,Subaru,Crosstrek,7/20/20,2020,10650,8/21/20,2020,32,12995,15,2345,2330
1496,2018,Subaru,Forester,3/30/21,2021,21550,5/5/21,2021,36,23900,20,2350,2330
875,2012,Chevrolet,Sonic,10/19/15,2015,6550,4/25/16,2016,189,8995,107,2445,2338
749,2012,Chevrolet,Cruze,11/10/14,2014,4650,3/2/15,2015,112,6995,0,2345,2345
1057,2010,Subaru,Forester,6/12/17,2017,7650,6/30/17,2017,18,9995,0,2345,2345
763,2010,Subaru,Forester,1/19/15,2015,11450,5/22/15,2015,123,13800,0,2350,2350
812,2009,Ford,F150 Regular Cab,6/1/15,2015,4400,6/25/15,2015,24,6750,0,2350,2350
1555,2017,Jeep,Cherokee,6/29/21,2021,16550,7/21/21,2021,22,18900,0,2350,2350
1596,2016,Subaru,Outback,9/20/21,2021,13850,9/29/21,2021,9,16200,0,2350,2350
1310,2011,Subaru,Outback,8/19/19,2019,6250,10/9/19,2019,51,8650,27,2400,2373
1231,2014,Chevrolet,Silverado,1/7/19,2019,15850,8/14/19,2019,219,18995,772,3145,2373
843,2006,Ford,F-150,8/3/15,2015,6550,8/27/15,2015,24,8995,49,2445,2396
1552,2017,Subaru,Outback,6/21/21,2021,18450,12/24/21,2021,186,21995,1130,3545,2415
1393,2010,Toyota,Prius,5/18/20,2020,5050,6/5/20,2020,18,7495,20,2445,2425
1451,2013,Honda,Accord,10/19/20,2020,8250,5/21/21,2021,214,10995,314,2745,2431
1499,2011,Toyota,Prius,4/6/21,2021,7150,6/3/21,2021,58,9995,412,2845,2433
1239,2016,Subaru,Outback,1/28/19,2019,19550,3/12/19,2019,43,22000,15,2450,2435
859,2011,Subaru,Impreza,10/5/15,2015,7250,3/1/16,2016,148,10100,409,2850,2441
1538,2013,Hyundai,Santa Fe,6/2/21,2021,10110,12/28/21,2021,209,13900,1343,3790,2447
658,2005,Subaru,Outback,6/9/14,2014,5050,10/14/14,2014,127,7500,0,2450,2450
1477,2013,Honda,CRV,1/19/21,2021,10050,5/10/21,2021,111,12500,0,2450,2450
679,2004,Subaru,Legacy,7/7/14,2014,850,3/3/15,2015,239,3500,182,2650,2468
1577,2010,Lexus,RX350,8/10/21,2021,8650,11/12/21,2021,94,11995,869,3345,2476
1544,2019,Honda,Civic,6/18/21,2021,20420,10/1/21,2021,105,22900,0,2480,2480
643,2005,Toyota,Corolla,4/28/14,2014,4500,10/9/14,2014,164,6995,0,2495,2495
1433,2014,Subaru,Forester,8/31/20,2020,11450,5/28/21,2021,270,13995,34,2545,2511
1449,2018,Subaru,Forester,10/5/20,2020,15950,4/21/21,2021,198,18500,0,2550,2550
1503,2018,Subaru,Forester,4/6/21,2021,17850,5/5/21,2021,29,20400,0,2550,2550
1349,2015,Toyota,4-Runner,11/18/19,2019,18450,8/7/20,2020,263,21050,32,2600,2568
530,2003,Subaru,Legacy,7/1/13,2013,3407,10/22/14,2014,478,5995,0,2588,2588
1209,2015,Subaru,Impreza,10/1/18,2018,11150,11/28/18,2018,58,13995,244,2845,2601
1122,2012,Subaru,Outback,12/27/17,2017,13350,2/27/18,2018,62,15995,0,2645,2645
1491,2013,Toyota,Highlander,3/9/21,2021,9550,7/21/21,2021,134,14900,2705,5350,2645
1669,2017,Lexus,NX,2/22/22,2022,24650,4/22/22,2022,59,27995,678,3345,2667
1029,2011,Ford,F150,3/13/17,2017,10450,4/28/17,2017,46,13900,707,3450,2743
1572,2017,Chevrolet,Traverse,7/27/21,2021,18650,8/6/21,2021,10,21399,0,2749,2749
686,2008,Toyota,4Runner,7/14/14,2014,12850,9/8/14,2014,56,15600,0,2750,2750
1689,2013,Honda,Odyssey,6/7/22,2022,9650,6/23/22,2022,16,12400,0,2750,2750
1501,2014,Honda,CR-V,4/6/21,2021,8050,7/8/21,2021,93,10995,174,2945,2771
1186,2012,Toyota,Tacoma,7/9/18,2018,16850,9/17/18,2018,70,19995,368,3145,2777
700,2008,Subaru,Outback,7/28/14,2014,5200,4/13/15,2015,259,7995,0,2795,2795
1356,2018,Subaru,WRX,11/25/19,2019,17050,6/29/20,2020,217,19995,136,2945,2809
1490,2012,Toyota,Rav4,3/9/21,2021,6050,9/9/21,2021,184,11500,2599,5450,2851
1608,2006,Hyundai,Tiburon,10/26/21,2021,3500,12/3/21,2021,38,6475,120,2975,2855
1450,2013,Ford,Explorer,10/12/20,2020,7950,4/8/21,2021,178,12000,1167,4050,2883
773,2006,Subaru,Outback,3/2/15,2015,4050,6/5/15,2015,95,6995,27,2945,2918
1410,2016,Chevrolet,Colorado,7/6/20,2020,9050,8/12/20,2020,37,11995,0,2945,2945
1446,2013,Toyota,Rav-4,9/28/20,2020,10850,5/18/21,2021,232,13900,27,3050,3023
1432,2006,Subaru,Outback,8/31/20,2020,2450,12/12/20,2020,103,5995,483,3545,3062
852,2007,Subaru,Outback,8/24/15,2015,3650,11/18/15,2015,86,7500,768,3850,3082
709,2003,Subaru,Forester,8/18/14,2014,1850,4/8/15,2015,233,5995,1049,4145,3096
1481,2014,Chevrolet,Silverado,2/8/21,2021,13250,4/21/21,2021,72,16900,475,3650,3175
702,2005,Ford,Expedition,8/18/14,2014,3800,11/22/14,2014,96,7000,0,3200,3200
1603,1963,Chevrolet,C-10,5/9/21,2021,17900,10/9/21,2021,153,21500,359,3600,3241
1465,2013,Honda,Civic,11/23/20,2020,10650,4/29/21,2021,157,13900,0,3250,3250
1679,2017,Subaru,Outback,4/5/22,2022,16250,6/8/22,2022,64,21900,2400,5650,3250
1463,2014,Ford,Explorer,11/16/20,2020,6050,5/6/21,2021,171,9995,642,3945,3303
1562,2013,Subaru,Outback,7/13/21,2021,8850,11/9/21,2021,119,13995,1819,5145,3326
730,2003,Subaru,Forester,10/3/14,2014,4185,11/8/14,2014,36,7561,0,3376,3376
795,2007,Isuzu,NPR,4/20/15,2015,5150,4/7/16,2016,353,8995,221,3845,3624
544,2006,Subaru,Impreza,8/26/13,2013,2300,12/10/14,2014,471,5995,0,3695,3695
1488,2018,Chevrolet,Silverado,2/23/21,2021,25350,4/27/21,2021,63,30100,945,4750,3805
1074,2009,Ford,F-350 Super Duty Dump Bed,7/24/17,2017,10150,12/5/17,2017,134,14495,146,4345,4199
1473,2018,Subaru,Forester,1/4/21,2021,16250,4/21/21,2021,107,20900,412,4650,4238
1504,2018,Subaru,Outback,4/6/21,2021,18250,5/6/21,2021,30,22900,0,4650,4650
1586,2018,Mazda,CX-5,8/31/21,2021,23150,10/1/21,2021,31,28900,1097,5750,4653
1483,2018,Subaru,Outback,2/16/21,2021,17050,5/5/21,2021,78,22400,446,5350,4904
1482,2017,Chevrolet,Silverado,2/8/21,2021,21550,4/7/21,2021,58,27000,0,5450,5450
727,2007,Ford,F-250,10/13/14,2014,8500,10/25/14,2014,12,13995,0,5495,5495
1653,2012,Ford,F350,1/24/22,2022,21550,4/28/22,2022,94,28995,1223,7445,6222